717;8;1780;2;98;2;287;7;1994;2;1586;6;590;6;563;7
278;10;1135;6;1873;2;1909;4;95;1
1712;4;1708;5;1330;5
619;1;309;4;40;8;1293;5;1453;10;891;1;1715;4;733;1;1652;10;1647;8
1182;1;697;6;294;3;1240;10;831;2;318;3;1375;3;1521;6;893;3;130;4
1064;3;1493;2;269;4;621;1;1326;8;1917;3;1834;2;906;3;237;4;1986;6
796;10;422;10;666;5;1162;5;495;8;1763;10;395;5;1709;5
322;2;882;10
371;9;83;10
167;4;1848;6;426;10;1022;8;591;6;1692;4;158;6;656;2
1386;10;201;5;1316;3;471;7;1061;3;1506;4;674;3;916;8;1746;5
21;9;1183;1;939;2;972;2
676;3;182;9
1416;7;21;5;285;9;1077;6;1939;1;325;3;530;2
1798;3;565;5;850;4;1904;6
310;6;131;8;511;1;474;9;1799;1
813;2;66;10;1492;7;898;5;1994;3;1567;10;748;3;307;6
757;1;947;8;1936;2;49;8;951;8;1269;10;578;3;1707;10;1868;9;870;10
1767;1;1679;3;1027;3
498;8;364;6;1790;3;1258;7;575;7;329;2
1555;4;47;7;1228;5
166;7;1592;5;171;2;259;7;1700;9;1082;5;1646;9;1352;7
1170;6;1387;5;1580;9;1315;8;661;10;588;7
627;9;1568;2;1333;6;796;7;460;8
402;9;1315;4;572;10;194;2;848;5;608;3
878;2;438;4;1069;2;75;2;891;10;543;10;1848;10;1603;9;1133;9;1629;6
378;5;481;2;706;1;1968;5;1035;7
889;10;1380;4;1560;4;1004;5;974;9;246;5;1734;9
1106;6;996;2
910;1;1253;6;1815;3
37;3;1899;1;1110;2;527;8;1051;1;1645;3;1725;1;655;3;1939;9;343;2
801;2;1078;8
471;9;424;10;1748;3;522;3;468;2;718;4;691;7;1943;8;22;9;1054;4
10;4;575;1;1063;3;1020;5;207;7;645;1;1746;2;1127;10
139;5;1858;9;334;6;1087;3;1390;6;1217;2;1007;1
1955;7;75;10;678;7;801;5;1517;1;258;4;1014;6;463;2
1350;7;54;10;1965;9;450;7;813;3;44;6;1231;9
2;3;631;6;1125;9;1183;9;1034;5
1921;3;633;10;1752;6;836;10;1111;9;51;1;1944;6;954;3
1534;1;1261;8
210;1;476;10;336;8
1484;6;356;8;472;3;593;1;1170;9;1637;9
1956;8;818;10;737;5;1800;10;464;6;892;7;1754;6;1394;1
451;9;1201;6;256;5;1465;8;610;3;1486;10;1953;10;886;1;1516;1
331;3;1275;3;1029;4;222;2;1021;8;1443;10
298;8;181;3;675;1;627;2;1079;8
233;10;477;3;1495;6;1632;9;1240;3;1421;7;368;9;930;1;1007;6
1252;10;821;9;336;10;381;7;562;7;1727;4;1014;10
1064;1;193;5;1157;2;1199;7
1420;3;576;9;1849;7;1647;8;198;2;843;1
702;1;333;2;546;9;541;10;1629;6
119;2;1252;8;538;5;1151;9;1611;4;1869;7;1574;7;96;1;66;5;1330;6
552;2;1630;2;1907;8;365;1
44;2;799;4
1539;9;1773;8;1411;8;1239;10;1778;4;1597;8;105;4;1064;4;690;9
743;5;771;7;1443;4;487;10;1210;1
796;3;1028;1
351;3;958;1;1829;6;626;4;682;3;1687;7;66;8
1962;1;1118;8
10;10;183;8;393;9;963;4;76;4;1366;3;1749;6
1845;1;1054;3;418;4;531;3;1266;5;558;4;1905;6;1333;7
69;9;1676;9;100;3;110;6
24;5;886;2;1104;6;1564;1;1617;5;991;2
1835;1;578;4;780;6;762;5;1690;10;1804;5;669;5;166;9
402;10;1733;2;1445;6;1470;10;1941;10;1327;9;803;7;1284;4
1250;1;1704;5
1193;4;887;4
582;3;1339;8;742;4;500;9;932;8;203;10
1996;8;1603;7;1937;1;1400;8
439;1;700;7;753;4;337;1;501;10;885;5;1190;4;1169;5;1822;9
700;6;1694;7;23;3;573;6;1669;2;629;8
315;2;1685;3;1248;5;196;2;1446;2;333;7;722;1;953;8;711;5
981;10;1930;10;1173;9;1743;5;797;3;1581;7;1635;1;524;8;50;2
1243;2;616;8
1061;5;1138;4;58;5;589;1;830;8;1978;8;1484;7
368;2;1293;3;419;3;978;1;1037;4
569;6;743;1;441;4;585;5
1434;6;1355;9;221;6
1928;5;1007;7;1647;2;1470;4;463;6;495;1;565;2;1679;6;1020;1
1465;1;1302;10;254;10
1070;3;912;8;1780;7;344;2;505;2;1949;4;1573;9;1209;1
1625;4;4;3;251;9
936;3;666;6;14;6;745;8;636;5;541;3;1772;1;767;7;411;8
141;2;1553;2;881;9;335;5
1937;9;464;5;1115;8
973;4;697;1;1970;3;98;6
1976;5;1033;1;1235;9;1770;5;1257;1;1101;4;110;7;1201;2
1125;6;209;5;527;10;1374;3;1649;8;1064;5;512;9;229;9
1951;4;1392;4;347;5;1758;8
1263;10;1470;7;269;2;781;4;694;2
884;2;1885;1;1692;9;379;8;1362;10;1385;7;495;10;1633;5;401;9
755;5;1023;4;425;4;1360;2;436;10;443;4;1015;9;857;8
378;9;425;5
373;6;368;7;346;9;774;5;1879;2
496;8;256;1;1763;3;44;4;1135;3;1751;10;31;4
1529;3;446;5;132;9;1202;9;231;3;1632;6;318;2;684;2;1903;9;1564;7
960;3;657;7;402;7;1227;3;1388;10;1303;9;133;7;849;10;82;7;6;1
12;10;424;2;1806;1;1940;3;605;6;1890;9;996;7;1949;7
1070;8;301;6;524;7;1792;6;1651;10;1766;10;191;10;323;6
456;10;302;2;331;5;1854;10
622;3;1628;7;1964;6;695;5;477;5;1682;2;113;7
592;9;1524;3;192;3
1974;1;149;5;32;4;1786;10
1183;3;675;2;1401;3;1208;3;1190;4
1753;1;295;8;1005;8;92;9;1470;8;1578;5;1202;9;1829;2;1288;5;810;3
1997;9;1547;3;1387;10;1578;4;259;2;1243;7
543;1;1565;4;664;10;889;8;790;3;78;2;592;10;731;2;129;5
878;9;762;4;1181;5;1750;9
424;1;299;8;1457;6;436;8
956;5;1098;4;261;8;1516;9;1341;10
644;2;41;1;923;5;1063;9
1621;7;794;6;1100;7;382;3;1907;4
70;6;1539;1;2;4;1811;8;626;2;578;5
1941;10;1984;4;1644;6;1982;7;457;1;901;7;1584;1;1153;3;1217;5;1438;6
755;6;1657;6;1257;9;1356;7;461;9;865;3;1514;7;227;1;1045;3
1697;8;507;7;119;8
1935;4;862;6;769;7
416;3;1556;1;697;1;1208;1;767;2;1910;5;760;4;76;1
281;7;145;8;1148;6
1432;7;943;1;610;10;216;9;923;6;922;3;1451;9;1354;5;983;9
1794;4;1847;2;144;3;1387;4
1856;2;192;2;106;10;1123;8;399;1;314;4;1758;5;288;6;939;2
432;1;258;10;1889;8;342;9;542;1;1741;9;1069;8;610;5
901;2;679;1;699;1;239;6;1364;9
149;7;1707;5;104;7;1232;8
96;6;990;4;408;5
1051;8;375;2;1918;4;1936;10;1345;3;1534;3;679;8;531;8
1718;5;29;9;238;8;824;3;1361;5;1536;7;265;5;1492;6;805;2;307;8
1075;3;1772;6;1991;10;907;2;1486;6;830;3
466;9;395;3
143;3;1193;7;96;6;1537;6;1015;5;1378;5
1642;5;584;7;92;8;775;2;1813;9;366;6;140;3
1094;2;393;10;1223;7;1978;8;985;7;288;5;1005;7;826;7
933;1;408;6;1648;5
1483;5;925;10;1746;8;1157;5;831;9;1053;8;1718;3;1090;10;1990;10
1467;5;1008;8;1714;8;1474;5;166;10;1459;10;1050;8;1751;10;1717;1;1703;2
1856;5;331;3;356;1;1128;9
280;8;503;6;223;5;861;1;1984;8
801;10;479;6;1386;4;925;2
1317;8;203;4;310;2;631;7
843;6;82;4;1846;6
374;2;1202;9;493;7
1767;5;1182;10;1728;5;165;7
933;1;936;10;16;4;69;7;1415;6;363;7;1449;7;1828;9;1312;10;987;8
1250;4;1160;10;1362;4
916;8;1663;1;566;7;849;1;1777;7
1819;9;1016;5;1600;4;739;7;1893;7;1407;9;763;10
826;8;1576;8;649;5;639;7;509;7;817;7;1873;5;773;3;1210;9;449;10
494;1;32;10
540;6;1694;8;111;3;1727;5;463;5;1558;7
685;6;1953;1;1650;10;31;6;1242;9
2;1;850;7;806;6;1613;1;1675;9;629;3;1729;3;387;3;1890;10
1885;4;306;8;584;10;1114;9;583;8;983;1;1709;8;1153;2;1216;6;349;8
1454;3;1173;6;379;10
191;10;30;3;1931;5;1193;1;1884;4;1335;5;1164;10;299;1;961;9
1127;6;1673;5;517;9;1759;3;877;1;861;10;697;6;1495;4;786;2
594;8;1495;9
1784;8;1755;1;328;3;1997;10
1564;4;1733;3;704;3;293;2;391;6;1560;6;241;3;372;2;1785;4;43;8
559;1;1656;5;455;1;1038;8;233;9;331;4;317;2;1057;2;1784;6
590;4;138;7;1967;7;1903;7;808;6;1148;5
78;2;1264;4;968;10;269;5;894;3;1947;6;1379;6;1638;3
1415;5;1578;5;346;2;674;9;1528;9;247;7
64;10;1387;2;1730;2;84;7;1375;8;631;8
1032;1;698;7;639;9;391;8;1848;3;303;7;280;2;489;7
384;2;1626;1;478;2;1493;5;1221;1;1112;5;3;4;894;9;1994;1
1647;7;1026;3;1877;9;949;4;893;4;465;2;1697;8;659;4;1399;7
1086;2;1941;2;603;2;1343;3;187;2;1180;1;1325;3
1692;2;1409;6;820;5;601;4;1633;2;1926;5;853;2
642;1;1249;4;330;2
1676;2;131;9;495;4
1400;3;1630;8;501;10;175;2;1716;10;1796;5
1688;1;1330;5;69;8;992;9;980;3;776;5;786;8;1682;9
1682;10;1800;2
881;6;1200;3;850;1;1030;1;1929;5;1708;4;277;2;401;10;557;6;986;7
37;10;290;7;1375;6
1936;2;215;6;1127;1;1858;7;279;9;1113;1;476;1
1048;3;1417;3;1318;6;903;9;1489;3;381;1;458;2;653;7
1552;3;727;2;676;3;971;1;772;6;1729;8;1504;7
1507;5;420;6;1738;1;849;3
741;10;195;8;1517;8;1607;2;269;8;1333;4;811;3;1459;10
1726;1;1439;1;1665;5;183;6;1576;3;1452;8
53;8;622;2
1942;10;1193;8;1621;9;1548;3;1631;5
1352;8;63;3;160;4;1182;5
1655;1;659;3;331;9;1914;1;436;9
1204;1;130;1
1600;3;1947;5;1900;6;862;4;1098;3;1628;1;225;10;1304;6
57;10;1553;7;420;5;334;4;569;3;1832;7;403;6;85;7;91;3
1641;1;50;7;1263;9;1183;4;1884;5;1306;4
840;7;800;4;1419;4
1116;10;1196;3;1885;1
1949;7;182;5;207;9;1197;1;975;10;1021;8
1349;6;781;2;518;2;896;9
376;3;1052;2;1274;9
1845;4;122;2;899;10;1726;3;261;1
891;5;998;9;579;1;1603;4
445;7;483;4;372;3
1805;3;1951;6;360;9;1275;9;1071;2;738;10;373;3;601;4
147;8;136;10;1219;10;254;7;804;3;1973;6;247;4;1948;1
1506;7;1509;3;318;1
1921;6;168;3;1607;9;394;8;754;6;1900;6;696;4;1293;6;976;6
218;5;1489;6;1361;6;713;6;311;8
934;2;976;1;1388;1;1291;1;152;7;436;4;127;1;1836;7;513;7;488;10
366;4;1467;9;1155;1;563;3;304;3;902;1;1840;3;772;7;1845;1;543;10
1137;6;1189;2;618;9;742;7;10;4
449;1;1959;7;121;4;52;8;821;4;778;7;1252;4;864;2
244;5;257;2;560;7;1224;8;1876;7
1086;6;643;4;135;7
1043;4;799;1;1148;2;716;4;64;7;1047;10;1460;5;1314;6;355;3;957;1
1149;9;1482;8;1520;10;718;3;1773;7;440;3;1993;10;1973;6;385;8;93;7
1791;2;1132;10;1931;6;1392;10;1028;8;821;3
141;7;369;9;656;2
1875;10;1323;4;142;7
320;4;829;8
1395;2;1201;7;1403;9;324;5;517;6
380;6;327;2;762;9;1599;9;491;2;1224;8
1828;10;778;4
1470;8;1353;3;211;4
320;9;385;6;1633;10;1844;6;1557;10;1646;6;305;9
1962;10;427;10;916;2;978;1;1611;10
90;6;838;5
1274;2;279;8;765;6;552;4;1821;9;545;4;1619;2;1547;9;225;6;1066;8
521;7;1588;8;528;9;778;6;113;3;1834;4;1490;1;487;6;1614;8;1534;4
1199;1;1858;6;1330;4;1097;10;903;3;549;5;1642;4
156;9;709;10;1352;3
878;1;1247;9
943;4;1349;7;17;2
219;8;580;9;926;3;69;7;1965;7;1511;9;1477;10;226;9
1100;1;356;3;1578;8;350;1;206;8;530;5;1603;9;116;4
1639;8;1699;2;1314;2;1812;5;1582;1
733;9;1644;10;1195;8;219;8;130;2;1267;3
997;3;29;5;711;7
1134;1;949;9;226;1;1389;3;672;8;75;10;1628;5;1462;3;738;3
1508;2;1401;1;222;10;1395;6;1998;3;881;7;1471;9
1856;9;1377;2;540;3;1574;3;1008;7
1939;9;443;7;343;8;1115;5;1858;6;1845;4;1099;8;1323;1;145;7
1773;3;348;6;817;3;597;1
1354;4;556;1;709;2;1397;9;803;1;1349;4;1731;10;1254;2;1904;7
83;2;171;3;970;2;182;1;1934;10;1385;8
665;8;1634;1;1814;8;971;1;443;9
1647;3;1217;5;1333;1;1654;5;1176;4;1733;6;751;1;1354;9
523;5;1898;10;14;2;767;1;1921;8;1988;10
998;8;1280;3;384;1;977;6;1047;3;439;5;467;7;46;2
1618;9;1488;5;1052;5;1663;3
520;7;1552;5;1366;7;184;7;1266;4;439;3;629;10;1930;4;592;8
1360;2;661;9;506;9;1501;3;415;10;709;5;1979;3;29;8;1437;3;1330;3
1639;4;468;10
1312;3;379;8;1859;6;326;2;997;1;1432;2
1265;6;643;10;1000;7;1625;6;976;6;1557;10;679;5;529;6;397;4;1965;6
733;1;671;9;1193;10;415;6;1231;8;530;2;274;8;1277;10
1133;7;1979;10;622;10;991;3;1197;8;802;2;1216;2;665;4
1552;7;1095;3
1241;3;802;8;857;9;1974;8;694;6
904;2;852;10;396;4;153;7;469;3;1384;4;1452;6
1317;10;619;3;269;8;321;4;521;8;1823;10;1756;10;229;7
141;1;409;1;977;2;645;1;510;4
965;8;1171;9;1469;2;1452;5;1289;10;988;3;1164;2
1889;2;897;5;689;10;1515;6;503;10;953;6;56;9
276;2;1687;9
1274;6;1893;8;1775;6
1086;10;1363;7;1366;6;335;6;83;1;527;9;948;7;1419;5;1248;4;1608;4
1818;10;1789;6;877;5;728;7;363;1;66;4;1369;5;530;10;535;7
1058;2;310;9;548;9;580;3;330;4;860;7
164;10;1959;10;784;3;1242;1;627;3;259;5;1960;10;1599;9
534;7;1440;2;488;9;1043;8;784;3;1587;2;1049;10;776;7;287;5;105;6
1726;4;58;3;1751;1
204;5;361;9;673;6;1489;4;618;3;1218;7;1613;5;1755;2;1406;2
960;3;395;5
726;1;646;2;1536;4;584;6;1025;8;247;1;580;10;18;4
824;2;596;4;1790;7;1476;4;756;3;1484;3;748;4;1613;3;1010;1
524;3;970;3
221;10;385;7;1845;1;1868;8;483;5
1532;1;359;5
57;1;1071;3;873;3;1866;9;46;5;521;5;924;6;797;5;538;5
981;8;462;8;596;5
133;2;1162;6;1828;5;1411;2;1637;6;179;10;434;10;1611;1;644;3;1943;2
913;10;675;9;108;10;898;9;665;6;1232;9
891;1;1326;9;1774;10;738;4;1366;3;1860;9;1362;2;489;4;1456;5;507;5
251;4;1261;1;202;7;1121;2
479;1;1510;3;113;2;576;2;909;4;1132;1;1925;6
784;2;651;2;1513;8;144;7
1799;3;1398;2
1629;4;81;6;1754;9;1450;7
1162;1;1166;1;680;5;1277;5;1255;8;638;10
402;3;725;8
1856;3;805;1
1282;8;1653;4
1586;5;1934;4;1985;3;1307;4;1000;4;1389;2;1441;2;581;5;417;8;1986;4
1533;4;709;1;621;2;1222;1;1681;1;870;7;1118;2;500;7;1935;7
1772;9;1442;10;1415;9;1788;1;42;4;205;2;1192;1;173;6;172;6
1392;1;640;5;1839;5;356;9;207;2;433;7;1771;9;1197;3;1689;7
1092;3;331;1
1568;3;1535;9;1251;5;1763;5
1324;7;112;5;1720;6;480;5;161;1;1122;8;1840;4;1689;10;1979;9
1940;1;1468;8;1312;2;776;4;1649;7;1809;1;900;1;1041;9;1626;8;13;9
847;9;1663;2
1092;3;1313;10;1831;8;1048;4
573;2;1261;1;25;3;1215;9
1362;9;3;5;550;10;513;9
1984;5;154;8;1558;2;1649;1;943;1
1794;8;674;9;1703;8
1145;7;1782;6;1710;6;1026;4
21;1;632;10
1162;6;1725;9;1125;4;1583;5;1002;5;491;7;382;2;374;1;13;7;1971;1
1579;9;1643;1;541;4
1716;5;1959;7;1147;2;827;7;18;2;165;3;381;6
573;3;507;8;874;5;934;7
1442;2;85;3;841;10;1746;4;49;7;736;8;1021;6;816;8
456;10;1502;1;1302;1;637;7;785;2;1514;10;1320;1;1494;2;155;4
1437;6;582;6;804;3;974;8;630;6;387;3;1463;10;1755;9;1058;10
1362;9;1623;1
859;2;1134;10;324;5;1402;1;1019;6;920;8;1996;9
492;10;1396;5;1330;4;1557;4;286;6;1831;6
1928;2;1898;8;732;10;1500;4
5;5;422;4;557;6;211;2;208;6;1348;3;1942;5;903;4;321;8;23;9
1356;7;155;8;844;9;329;2;1027;5;651;9;191;4;216;10;1692;3
1887;9;1304;3;803;9
346;4;968;3;58;6
1497;6;621;6;19;1;381;1;1933;7;643;6;181;4;272;7;1470;9;1879;7
1743;5;586;7;1342;8;1024;3
58;8;443;6;1531;6;1617;10;1016;6;165;2;1192;7;1814;6;1418;6
1391;5;794;3;1577;5;404;9;1399;1;188;4;1436;7;831;3;1702;3
1568;9;1247;2;1014;1;455;5;1602;2
293;4;767;4;608;8;478;8
1393;1;1183;2;330;3;960;6;642;2;365;1;369;6
684;2;1493;5;1866;3;489;10;452;9;709;2;870;10;550;1;66;10
98;1;298;2;576;3;1579;5;36;3
234;7;1174;3;1669;8;1636;5;1166;9;719;10;693;5;1436;8;1020;5;868;2
212;2;957;8;695;8;1169;6;1352;3;1019;3;351;10
1950;3;1242;6;1019;2;1301;5;626;4;1036;7;142;7;1786;10
594;7;1324;5;470;7;1368;2
775;5;1461;4;1286;8;1220;4;454;4
236;4;1562;10;1338;4;608;10;1347;3;245;2;97;9
1148;7;1621;2;320;7;1229;2;974;9;667;9;651;4
972;4;223;6;1795;6;206;10;290;4;126;9;452;3
1988;9;1609;2;756;1;1474;10;1966;6;860;4;1325;2;1981;5;781;2
1106;9;800;3;1284;2;1811;5;1345;4;886;7;1595;3;917;6;624;5;586;1
935;4;294;3;969;10;386;8;1455;10;1214;9;216;1;1691;6
147;3;230;8;1659;9;236;10;529;4;1537;7;577;9;986;3
454;6;608;6;1766;7
961;2;1614;3;966;2;107;10;207;5;839;8;1876;5;749;1
1994;6;918;5
78;7;1053;1;1164;7;1114;1;1676;2;740;1;132;2;1424;3;285;10;86;8
41;3;1262;8;714;10;316;7;499;1;138;3;654;10;1908;2;1231;5
730;9;1891;6;6;8;1563;3
933;8;1889;2
1497;1;401;10;1759;1
953;5;1905;1;303;4
675;7;1672;6;1897;1;1425;4;447;4
1509;10;1364;5;1522;9;389;7
935;2;1375;8;651;2;623;5;118;9;1312;5;1806;6;119;7;1260;10;1078;8
782;5;1643;7;173;1;1743;2;605;9;987;6
1852;2;203;10;884;1;1143;10;732;6
1639;10;470;1;1900;4
1135;10;208;1;1418;4;870;10;273;2
742;7;868;9
630;1;1129;8;1222;7
969;2;1079;1;1632;8;1038;8;110;7;1337;10;847;3;673;1;1935;9;1678;5
346;2;1593;6;391;9;1880;5;1753;8
44;4;1999;5;1659;10;185;2;1074;1;1799;1;1479;8;986;3;1717;10;119;8
1557;10;559;7;1010;6;702;4;634;10;425;3;1382;10;492;6
1191;6;711;1;942;9;1886;1;1593;2;1405;5;1251;9;374;6;559;7
357;6;1063;7;427;5;1154;3;457;10;1824;10;207;10;251;10;1001;7;1533;9
100;5;1624;4;1138;1;909;9;1573;4
479;10;60;5;231;5;1379;1;446;4;243;4
1555;3;299;1;372;2;955;9;1044;10;562;4;1912;8;1141;1
1554;10;499;7;1802;9;1555;6;962;3;1903;4;672;10;868;1;1755;3;1950;4
448;10;219;9;701;6;469;7;553;10;1892;3;354;9;562;3
767;9;1026;8;29;2;199;3;1911;6;592;4;1880;8;1913;1;896;9
723;9;1491;5
109;8;1373;3
493;10;1228;7;978;6
1939;6;878;10;1643;5;1521;4;401;7;287;9;117;3;726;2;704;6
630;6;455;8
1647;6;1876;8;903;3;1298;7;44;7;1207;1
331;4;590;3;1274;6;1534;4
915;9;237;8;1572;9;1860;3;1421;9;888;2
1828;5;4;7;877;10;660;10;614;1;840;5;771;8;663;9;1507;4
1552;7;930;5;426;5;1202;5;679;5;165;4;1531;3;374;7;603;4;1794;10
432;4;1043;2;1472;7
1391;10;1994;8;561;10;1872;5;525;4
799;7;429;1;615;6;925;8;1669;6
516;7;1277;8;283;10;621;8;667;8;1456;1;1899;1
1908;1;810;4;1352;4
1192;2;1944;9;1685;2;1605;6;1132;2;1325;7
1823;9;1239;9
945;9;896;5;972;9;1791;4;199;7;1557;4;1141;9;867;1;237;4;567;5
1169;8;777;8;327;5;471;7;1832;3;1746;4;1274;6;90;10
924;5;498;1;820;3;1638;4;1044;9;144;5
1970;3;313;2;1030;5;1507;5;1169;2;1001;3;20;8;853;7;606;5;53;7
796;7;468;5;1430;2;701;4;929;8;924;1;1299;4
346;10;1921;4;28;6;621;6;1221;8
379;1;549;10;655;1;860;10;1035;1;114;2
198;1;88;6;924;7;1176;6;1444;8;145;3;1921;2;1384;9
553;7;1432;7;648;1;375;1;224;1;1857;3
1348;9;1058;2;719;6;438;6;110;7
1203;5;1973;10;1234;10;1101;5;1179;9;1634;7;321;9;961;8;304;5;536;6
1928;5;1182;2;214;7;224;10;467;1;639;4;13;4;1975;6;1262;10;528;4
834;1;1333;7;237;10;1083;8;760;4;157;3;1246;1;1263;3;880;3;1569;3
1438;6;908;3;1169;9;1448;5;254;6;1381;9;437;8;1165;4;360;7;970;10
1658;5;923;2;776;8;778;7
1945;8;1043;7;1660;2;1507;10;1130;2;1743;10;378;6;1513;6;1941;2;971;4
1517;1;1349;7;715;6;1998;8;1526;6
60;1;965;7;1630;5;1150;7;265;2;483;5
760;9;1271;2
656;5;197;6;11;8;1623;9;272;2;1027;6;381;3;1662;6;636;5;1396;5
1936;1;490;5;599;7;422;5;1430;2;204;2;353;6;229;7;1660;9;1208;4
1880;5;1170;5;1202;2;1641;4;1797;10;265;7
973;2;851;2;565;5;357;10;1849;7;103;7;1301;9;1295;4;1606;2;1745;1
686;6;601;7;1512;4;767;8;1443;8;1016;5;820;2
171;3;50;6;715;5;45;1;1812;7;877;8;1122;4
466;6;1596;2;1211;6;868;8;667;8;944;5;1572;6;236;7
1546;4;202;1;1640;4;849;8;1083;10;1573;10;1375;5;455;9
836;8;1627;4;705;2;1401;2;1731;10;1547;6;750;8;102;8;1084;1;447;5
1342;9;1344;3;419;2;1639;9;557;1;1800;5;70;8;1249;10;942;2;448;8
1097;4;1298;8;223;7;1341;10;612;8;209;9
1243;3;107;5;613;7;1664;4;1563;2
751;5;1055;7;1557;8;351;4;1472;8;1169;4;115;1;365;8;1043;10;526;1
136;9;1433;6;1455;6;625;2;1288;7;1074;8;220;3
783;10;366;7;652;7;1181;10;327;5;280;5;465;5;626;5
1157;6;1765;4;773;6;517;1;660;4
1092;5;297;3;979;8
974;4;151;2;1200;7;644;3;1337;3;213;10;1339;3;137;4
1044;6;66;9;49;1;96;5
584;1;396;5
331;4;518;6;1700;6
679;10;1066;1;760;10;994;4;1362;1;496;8;612;10
124;10;880;3;827;7;1087;1;58;1
1168;8;1932;2;152;6
508;6;1004;10;913;3
1602;5;1012;2;408;7
1287;3;1018;8;1809;7
1544;2;13;8;1607;2;1319;10;88;8;1405;2;1192;4;1229;5;870;7;986;3
1543;8;1209;3;465;7;51;5
938;10;1857;1;620;1;69;1
115;1;572;5;556;2;441;9;28;10;250;2;1542;1;307;8;1633;4
1586;10;392;1;1192;5;307;1;270;8;19;1;741;4;214;1;813;9
594;8;1556;4;286;7;1647;5;1054;6
960;1;760;5;627;9
1462;3;600;9;1099;7;790;9;273;5;842;1;1530;9;524;9
1926;3;1408;2;1188;7;1381;2;1478;2;564;3;237;5;1941;1;442;6
984;6;750;5
562;7;72;6;434;3;869;10
1214;5;367;10;554;1;1503;6;452;9;626;1;141;10;1765;1
539;8;871;6;1176;1;1850;9;968;6;783;3
1909;2;1426;4;1336;7;415;2;1958;6;1137;1;650;10;326;7
1550;10;427;6;1816;9;796;4;856;10;480;10;1701;3;802;7;1484;7
757;7;854;1;117;4;890;10;965;6
1782;4;1581;3;1696;10;811;6;114;4;968;9;1511;7;218;3
1881;7;1715;4;1197;4;1041;5;1560;4;310;3;943;10;1215;6;572;9
471;5;1493;5;831;3;717;9
514;2;806;9;231;2;295;10;1312;6;1507;3;348;8
1509;5;21;6
1992;6;1741;4;382;8
1754;5;387;2;1062;5;319;4
1214;6;1261;5;1858;2;1283;2
890;8;1815;4
443;1;936;10;1769;7;787;4;81;1;1095;9;618;7
560;9;1914;7;858;6;888;2;909;2;815;5;1332;1;1077;9
988;7;1215;4;1734;7;479;5;1723;8;720;10
1661;9;502;8;1422;10;713;8;1187;5;562;4;1623;7;899;2;321;4;1667;2
1132;7;1251;6;1472;9;1227;1;533;9;1890;4;1149;2;1167;8;917;1
131;3;582;6;695;5;1782;3;1126;6;1613;1;391;6;1476;5;20;7
190;9;1809;2;346;7;1879;10;1128;8;1460;10
1501;2;1844;2;591;9;1881;3;1348;6;1978;9;815;3;515;7;1027;1
1092;8;726;2
850;6;1532;9
1060;10;1692;9;1997;5
1808;2;305;6;994;8;1515;8
1326;3;1869;10;1021;7;1163;9
1382;9;1771;5;1246;9;372;6;1677;9
389;10;1579;3;698;1;1160;2;1716;8
311;6;1801;1;1208;9;1556;8;688;1;1804;9;1378;6
148;3;1195;9;1326;2;800;2;1562;6;1714;2;1427;1;1814;3;74;10
1688;5;310;4;168;10;1409;10;88;3;1677;8;1990;1
1829;7;1404;3;982;8
479;9;1670;3;888;1;341;6;715;4;1599;7;512;9;1910;2
387;9;858;1;1984;9;1098;8;901;1;1203;7;817;4;1278;1
934;5;1137;8;889;1;163;7;1351;2;1498;6;1271;5;1457;1
1298;3;406;10;1310;2;1931;6;279;5;1123;7;1524;6;1352;7;1956;4;1753;1
1762;2;1454;9;1235;6;495;9
1742;5;1423;7;446;9;848;10;479;7;1165;7;1278;8
1836;1;493;4;1026;7;701;9;424;8;642;10;460;9;1061;10;601;9;1258;3
630;7;479;2
1936;3;900;3
985;1;1209;6;508;9;308;9;1565;5
994;5;1769;6;488;1;635;9;598;8
1602;2;1098;7;1332;3;893;6;158;3;931;3;1559;3;690;10;1857;2;1062;3
1802;7;1844;3;869;7;1520;3
1400;8;316;10;655;10;935;5;1321;1;255;5;142;3;575;5;294;4
527;4;1586;5;1700;7;111;9;791;1
759;7;930;8;356;10;593;7;661;9
573;1;127;10;1421;2;974;7;1539;6;988;10;1522;1;834;5;274;7;713;1
796;3;1586;2;1518;5
685;7;1563;9;185;10;665;6;1342;8
1193;6;1636;2;1981;9
680;9;1322;7;1097;1;1791;2;1109;7
188;5;1068;10;102;5;1681;5;1257;10;1733;7
1725;2;743;2;570;1;211;4;419;5
1070;5;648;5;1660;7;346;2;1274;10
653;1;1280;6;1392;7;1579;1
374;10;1273;10;1272;6;1484;5;1941;5;825;7
128;9;290;1;616;7;981;4;1811;10;1569;8;235;6;362;10;1836;2;928;3
1096;9;1968;4;502;3;772;10;1454;9;1032;10;612;7;944;8;1564;10
1760;2;844;8;396;2;509;2;1567;9
876;9;1104;9;950;4;1433;3;1068;10;1703;2;41;8
1481;10;1615;8;790;2;1858;4;1523;7;250;2;37;3;1977;1
700;10;1025;7;1857;10;864;5;520;2;309;9;402;1
1569;9;1032;2;472;9;1725;6;1741;10;197;3;948;5;1695;10;652;4;622;10
600;10;549;4;1699;10
302;5;205;10;1305;10
15;10;97;6;1887;4;1728;3;854;7;824;6;624;8
537;7;1065;7;1109;4;108;7;1979;6;1796;4;613;4;1534;9
1351;1;46;8
1673;9;310;3;82;7
1555;9;1815;9;926;2;477;2;284;4;722;3;1019;2;1510;1;359;5
372;2;826;3;463;1;635;6;45;3;1364;10
444;9;997;1;97;1;923;6;436;7;1011;9
1230;10;1877;7
935;3;1271;1;179;7;559;1
1249;8;740;1;191;7;905;8;1336;4
858;1;1412;8;239;2;427;10;1322;8;1327;1;545;5;434;10;1601;8;507;4
979;6;691;8;709;9
1950;1;1804;7;1114;7;596;1;164;1
905;7;268;6;410;2;1779;3;486;10;1633;1
1804;5;896;5;182;6;53;1;1457;5;1480;1;695;10
1968;6;478;4;803;3
1586;10;665;4;306;1;385;7;254;9;560;7;209;2
981;3;1343;6;1045;7;470;5
1821;8;961;3;582;2;283;9;120;8
722;2;821;1;1852;10
702;1;1838;4;1781;6
1921;8;1380;6;1840;3
206;6;1048;3;497;8;815;7;810;8;77;7;299;10
124;10;902;10;263;5;240;6;599;10;1991;9
209;8;644;1;1856;5;1649;1;1545;3
374;1;1610;8;1658;1;27;3;442;5
1570;4;1623;7;937;5;497;2;510;5;1556;9;714;3;1822;7;513;9;297;6
438;8;768;10
605;6;1440;1;881;2;612;2
933;9;651;4;1988;6;406;7;682;10;1302;1;1703;2
1253;6;1839;9;1261;10;522;3;1908;5;659;5;1844;2
1555;5;1328;6;47;8
60;1;1357;9;442;4;1831;9;553;10
56;2;342;9;593;4;485;5;1884;10;1786;7;1327;7;680;3;768;10;1245;7
1877;8;406;10;1560;4;291;5;839;1;653;9;846;6;1760;6;330;4;1222;1
32;5;1136;3;1918;6;578;5;462;3;852;7;407;9
595;10;12;7;342;3;205;5;1275;4
1789;8;1302;1;189;8;349;7;1931;5;1046;5;1419;3;1587;3;304;4;1787;2
451;4;1791;5;609;10;1332;5;866;2;1079;8;1230;9;1045;5;606;2
385;8;145;7
1613;8;186;5;1319;7;1197;9;129;8;1093;9;1485;1
351;9;85;7;358;3
872;8;1930;10;1255;9
34;10;1132;6;1953;2;1340;9
253;6;1481;10;973;7;1241;2;1307;10;1063;10;1779;8;456;9;1385;8;1100;8
1281;8;1491;3;1332;6;576;1
1552;5;740;6;1971;3;247;10;326;9;46;1;786;6;1224;7;1304;7;1655;3
594;1;1584;1;237;3;357;5;236;10;1734;7;99;5;755;3
1741;3;130;6;347;2;288;4;565;9;1597;10
1754;3;599;3;436;1;235;7;1078;5;1620;7;1048;7;1512;7;724;10
366;1;1262;5;788;5;1160;4;440;7;293;8;16;6;1996;8
1100;9;827;9;402;2;1607;9;1558;1;1209;2;576;1;1190;1;91;6
1954;8;341;4;300;4;1079;2;1193;9
553;4;603;10;173;5;1940;2;632;6
1947;8;1895;6;1500;1;190;6;838;10;1720;9;951;10;404;4
336;10;776;6
1337;3;501;6;219;2;1563;2;379;9;1577;2
500;4;358;8;857;9;134;7;566;8;319;2;1839;9
783;1;256;10;324;9;283;8;1817;7
910;6;29;7;107;8;1511;1;1631;8;1963;6
29;10;824;2;1856;9;1171;3;1250;6;922;5;983;5
1070;3;1211;9;443;7;1919;2
1965;5;1460;4;4;5;1698;7
954;3;267;5;1841;4;1106;3
1595;8;1512;10;1546;8;499;4;1411;3;879;8;762;4
1820;4;130;1;1665;5;1989;7
878;2;1101;1;414;3;1057;1;504;10;1015;7;1022;5;522;5;1761;3;777;5
1436;8;296;4;1415;4;1622;7;1494;1;1282;10
911;1;1723;2;1037;2
1365;2;110;10;1286;1;1367;10;1752;3;553;9;1581;8;971;7;1130;5
962;3;1013;7;754;2;1052;10;1322;4;725;6;589;1
466;5;1942;10;1795;4;714;7;1263;7;324;9
613;10;930;2;145;9;1037;6;1154;9;1781;6;747;7
920;6;1497;3;1551;3;611;7
947;9;368;6;295;6
1098;8;998;9;403;8;1130;6;27;10
1771;9;788;10;1298;9;1174;7;1250;8;303;8;1634;1
64;1;1485;5;1618;7;464;4;1217;3
1382;4;755;10;1852;9;359;2;62;3;1840;8;1882;6;172;10
1281;4;962;6;1334;6;1032;3;1882;2
1893;1;998;5;1796;7;1278;2;104;2;736;6
882;3;657;8
933;4;700;6;1188;4;640;9;334;6
4;4;1413;8;490;10;1154;7;1046;8;670;3;1764;2
718;9;35;1;1088;1;432;9;501;5
879;10;391;3;815;3;430;2
1500;1;1631;9;534;4;1491;5;164;5;850;10
1058;5;1872;4;215;2;1511;2;409;5;363;10;919;7;1950;5;1469;5
1415;1;806;7;405;4;1545;8;1595;6;1749;8;883;1
17;2;1636;6;1567;2;1948;4;825;8;1283;1;1733;10
117;1;376;3;1844;5;1671;9;1853;1;1344;1;747;3;1041;1
1349;6;1270;4;1732;9;205;4;835;7;823;2;451;8;1547;4;1767;5;884;2
190;3;1339;6;185;5;428;9;971;10
844;2;440;9;746;10;672;7;1983;7;1385;8;1687;7;1039;2
1035;8;620;7;1010;6;452;8;1729;8;303;7;155;6
830;1;958;3;788;10;57;4;1799;2
891;8;203;4;610;2;257;2;1560;1;1485;8
74;4;319;4;1171;2;1917;10;1978;10;737;8
420;6;1383;2
1436;10;1938;3;532;5;1002;7;481;10;544;7;1845;2;1154;8;1905;8;527;4
1758;1;582;10;1838;1;521;1;129;4;1809;8;651;10;1640;10
438;5;1261;7;45;8;1060;9;3;1;1899;6;1596;3;17;1;1018;3
594;4;359;9;1546;10
473;5;439;6;1571;2;1461;9;705;10;1480;5;1755;5;989;5;1878;3;1898;9
233;9;1936;7;206;4;1284;10
241;2;9;7;1018;3
1958;1;601;1;1552;7;1507;2;772;9;444;10;1896;2;1734;9
1711;1;1754;2;1269;1;1418;1;956;4;1644;2;1210;5;283;9;738;7;1616;7
1446;8;15;9;1562;6;1309;1;607;10;1065;4;785;5;702;6
333;6;1643;10;1327;4;1755;1;1435;5;1092;10
1263;7;234;3
1058;2;714;2;871;10;161;5
539;7;716;10;991;5;711;10;608;10
70;8;129;2;810;5;1482;2;1693;2
319;7;1517;4;1848;10;829;6;217;8;172;5;1925;10;62;6;1064;10;1822;8
543;8;104;7;621;4;1029;2;863;2
1618;6;222;1
277;4;124;3
449;8;1238;3
1655;3;1607;8;1156;4;612;7;94;10
149;3;724;7;603;8
220;5;1202;8;867;2;866;10;1972;1;1819;9;1281;7;1984;2
1283;9;1339;10;192;6
438;8;1535;9;1871;10;12;7;580;6;1379;3
244;4;102;7;460;1;1763;4;1476;4;681;8
395;5;950;2;803;9
1226;9;489;10;179;5;776;9;450;8;879;6;459;2;212;8;1394;2
686;6;1497;8;262;8;1017;4
1756;4;962;1;1123;1;1794;7;1382;3;1738;4
444;8;1847;10;1161;2;417;10
1772;10;540;8;324;5;1913;8;1503;3;576;5;158;8;1646;4;1173;5
756;2;1612;7;543;10;379;3;1007;5
1984;8;1211;4
570;3;1488;3;395;7;1592;5;1873;9;990;9;1014;4;551;9;1768;5;1813;7
363;6;1531;1
1732;2;662;4;1452;6;229;6;611;1;1515;9
1820;8;1704;9;665;6;1551;3
1098;5;388;4
1413;5;1891;5;78;1;315;10;1320;8;1825;8;948;5;1262;8
1975;1;691;6;469;7;1062;6;1058;7;1367;7;1733;1;1138;10;1891;10
143;3;1651;8;340;8;164;6;597;2;1229;2;40;9;1730;5;1201;1;1715;4
277;8;1219;6;265;3;228;1;1293;4;1564;9
1637;3;547;9;649;4;819;9
1253;8;1177;9;1887;4;200;7;1062;7
1249;10;1927;7;502;8;1160;4;658;5;741;9;768;8;923;8;1920;10
1866;5;647;4;124;1;776;6;796;3;226;7;416;6
1673;2;1820;4;710;4;610;2;817;4;1644;8
1446;9;1010;2;1422;2
1518;1;961;4;1125;4;826;6;152;4;1840;5;355;8;403;6;1701;10;879;2
1872;10;1014;10;1653;2;1407;5
741;2;717;10;1378;5
1866;6;1290;5;1702;7;1303;9;312;6;1472;3;1002;9;280;2
379;8;1425;10
1992;5;1097;1;274;6
1213;6;1029;10;1143;7;870;2;638;7;610;7;217;1;1553;4
1901;5;1030;2;316;4;263;4
865;3;598;10;1270;3;1619;2;596;10;1717;5
774;5;796;7;415;2
1152;5;1501;3;1326;5;1950;4;1096;2;677;1;1272;2;71;7
1408;7;431;7;1909;5;444;7;603;7;1174;3;702;1;1031;9;1666;5
253;3;1980;3;756;4;1478;5
812;10;709;3;895;8
124;7;53;7;899;7;791;3;106;7;1792;10;749;2;1780;2;625;2
98;8;545;3;298;2;32;5;1396;1;1729;1
973;4;718;2;787;5
297;5;1629;7;754;3;1987;1;327;6;1466;9;617;3;1151;2
1086;1;1576;9;103;4
1493;8;921;6;1558;3;155;4
807;3;1228;1;1291;1;1629;4;865;4;1294;8
1806;10;1315;4;19;6;1525;10;1172;6
444;3;1535;5;489;8;550;9;1946;8;783;5;703;5;456;9
120;9;277;8;1166;5
230;6;1968;10;1291;6;617;8;33;2
1239;5;1908;10;287;10;1242;7
83;10;1688;5;159;2;173;4;944;1;133;1;862;1;1964;6
1921;5;616;10;1299;6;141;6;541;8;380;3;173;2;1234;10;246;3
1552;3;1088;2;4;2;757;2;203;4;1097;10
934;7;1278;4;1131;9;289;9;226;10
944;9;647;4;1900;4;425;6;21;1;396;10;1395;4;1386;2
90;8;419;2;1579;8
1837;8;1632;4;181;9;566;1;215;3;1029;4
53;7;1669;9;797;10;192;8;1749;8;887;1;567;3;875;1
1749;4;850;1;1403;1;1141;4
1568;4;1254;7;1630;9;1548;6;1993;6;1059;9;1737;4;1374;7;9;10
1243;7;1204;6;335;6;1414;4
1539;5;522;8;1941;1;813;4;1533;5
0;5;1134;2;1686;8;812;6;985;10;1934;6;1775;2;1033;6;1472;10
1935;1;285;10;1768;5;888;9;331;4;1182;4;1447;2;1416;10;49;1
1945;10;1918;7;268;2;582;6;1375;4;1180;4;1142;7;206;4
1888;10;775;2;1844;2;599;7;1884;3;1577;7;938;10
543;5;1522;5;827;5;1895;1
501;1;1842;2;1063;1;626;3;582;3
675;10;1877;9;1827;6
773;2;142;10;288;8;747;5;737;3;1037;6;45;9
1154;5;1860;7;1660;2;550;5;1163;9;542;2;1449;6;1121;8;1592;8;1909;8
849;5;1727;8;841;9;523;4;252;5;511;2;199;2;1373;4;85;10;1222;3
351;5;683;9;1999;9;1564;10;557;1
1498;6;136;3;1137;3;1303;6;1244;7;190;10;973;1
1823;4;1462;6
1301;7;1837;5;539;4;423;10;1048;7
1731;9;732;7;1730;8;369;6;1158;2;1977;10;535;8;1599;1;1400;5
1004;1;1817;5;98;9;1429;10;1347;6;1561;9;809;2;1775;4
566;4;353;1;964;9;1096;6;1983;8
1124;7;1112;10
642;2;843;9;205;2;1742;1;619;10;708;8
534;10;1030;9;1517;6;946;2;1961;6;1843;4;1810;4;160;4
141;4;1232;5;1782;10;1547;2
387;3;1080;1;1592;7;778;1;625;5
55;3;1392;9;1649;7;1887;1;1486;6;129;9;659;6;1981;6;907;8
1125;6;1529;2;220;1;705;2;1615;9;1573;2;506;8;555;7;1537;2
1025;6;713;7
56;8;184;3;1033;8;1301;1;1150;5;468;8;1212;3;897;6
1962;2;1506;5;545;3;990;2;39;2
1218;6;658;3;582;1
266;4;1338;3;1974;8;50;9;463;1;1206;9;1180;9;1806;8;1605;3
1284;5;1175;5;427;2;804;10;563;8;653;1
456;4;1328;4;747;1;220;8;1803;7;1728;9;1565;7;1979;10
1400;8;1094;9;1480;2
1848;9;1354;1;437;5;344;2
1124;6;1225;10;1469;9;556;4;1175;6;1231;10;1653;1
337;6;29;2;1877;8;73;7;1052;3;775;1
209;9;914;10;1260;1;641;6;830;7;512;1
1387;4;1228;5;1039;3
515;8;308;1;935;5;843;3;251;2;1199;2;221;3;1704;2;945;5
1694;10;1739;2;609;5
1415;1;1519;7;121;7;1739;1;1705;3;1101;3
1737;3;862;9;523;8;230;3;1784;4
1058;1;1861;3;1985;7;599;10;194;3;683;9
1988;5;1368;4;20;9
302;8;1134;7;958;7;1831;8;986;7;1953;10;1266;1;1548;1
1481;9;1123;2;1548;4;1234;8;1981;5;141;2;580;6;130;7;230;7;241;10
994;5;1948;2;1276;2;1416;10;495;5;136;4;1302;8
1482;9;812;7;1982;3;1186;3;147;8;16;9;1571;5;1616;4;1354;1
436;1;219;2;923;9;123;5;961;8;61;2
297;6;1595;3
1461;5;496;5;1301;9;424;8;1050;2;1334;9;1342;6;299;7
430;8;1562;1;1798;5;52;6;1735;4
878;2;1114;7;1948;3;1081;5;635;5;43;6
919;4;1500;7;230;6;1519;5;784;9;351;9
887;1;1289;10
1061;8;52;8;1820;6;1723;7;1458;10;1001;4;30;9;1527;4;768;5;1603;7
1611;7;917;10;1764;3;1327;2;964;9
954;5;465;5;1111;3;999;1
313;8;689;3;1784;6
111;1;1172;2
1936;3;1900;8;1021;1;698;8;910;7;789;1
1935;3;1133;4;112;7;1522;4;305;9;1180;5;1441;2;1067;9
1157;3;636;8;1817;9;944;9;1986;8;821;5
1165;5;1547;5;1706;1;419;10;1559;4;271;6;1894;9;473;5;422;2;853;7
962;8;1984;9;329;7;1291;8;1438;8;760;10;1463;3;998;6;716;2
95;6;260;2;437;2;1393;2;1851;5
219;3;487;4;1683;9;679;3
1108;8;978;3;1836;5
836;3;127;1;1728;9;598;10
696;8;720;9;1560;3;1809;4;1694;9;1435;5;454;3;1656;3
314;4;1184;9;292;2;927;3;1966;3
1047;9;1699;4;1287;1;11;9;600;10
508;9;459;5;1914;5;1276;10;760;8;109;5;84;3;1490;8;1225;7
1981;1;569;1;688;1;893;3;432;6;1864;10;1612;3
131;2;849;3;1785;2;1548;5;318;6;671;2;985;2;1128;7;78;6;1786;3
1559;8;1442;4;818;3;513;10;943;7;1611;5;1853;3
515;3;110;6;1652;1;861;3;461;10;1536;6
884;4;1936;1;1546;3;786;10;203;2;882;9
1663;8;578;9;661;8;368;3;666;9
1695;5;1322;3
1772;6;519;7;498;1
1387;4;1823;5;318;3;251;1;974;8
490;9;1138;10;945;10;922;5;97;10
1949;10;334;7;792;3;160;6;877;2;1660;6;769;10;741;3
1022;8;1109;4;96;6;859;4;1965;10;562;9;545;2
206;10;1966;7;950;7;606;4;1900;6;547;3;1096;2;1865;4;990;10;1392;5
1304;1;1275;5;591;2;1171;5
1044;9;1576;9;48;3;1149;5;728;10
1215;5;1977;3;212;2
644;6;1152;8;9;6;210;9;463;1;986;3
1939;4;1350;10;1793;7;1038;8;1396;8;1609;7;106;1;1171;3
327;3;1013;9;64;10;450;5;1742;8;320;3;1386;7
9;6;1473;9;972;2;1655;5;1186;9;162;8
657;3;1803;7
880;1;1053;1;1519;2;664;2;1141;6;1536;9;677;9;1552;8;466;4;104;7
1725;8;1966;6
1687;3;1108;2;797;8;1591;10;399;9;1745;1;713;8;44;1;972;5
331;6;875;9;1927;5;689;4;356;4
1092;10;1133;3;1170;10;338;1;306;1;1801;4;1067;1;1889;9;570;2
534;5;696;7;1379;6;837;3;519;10;1683;6;1467;2
914;6;1803;3;243;5;1282;5;1145;1;1290;5
1624;8;927;2;1683;2
166;1;1037;8
1402;3;591;7;1296;9;512;5;985;8;1059;6
675;2;1821;8;1436;8;971;6;1300;9;165;10;1168;4;600;5;945;6
1715;8;995;3;1971;4
422;10;152;4;1499;10;1529;10;331;6;9;2;848;7
514;2;1741;6;1990;6
1976;3;1006;7;991;6;607;3
926;8;927;8;217;9
235;9;1902;4;625;8;1371;10;145;7;839;2;371;8
782;3;1098;1;498;2;1357;8;1092;8;522;2;1807;5;150;3
1546;6;1709;8;1322;10;988;6;1490;10;201;9;816;10;154;1;1408;1;293;9
1512;7;1038;7
83;10;119;5
1552;7;1448;2;1773;10;1363;9
514;6;435;8;103;3;229;6;679;9;355;7;876;6;1492;4
1491;5;371;3;105;9;1031;5;74;6;765;2;479;3;1386;6
1618;8;1087;4
443;10;463;3;53;10;176;6;1839;5;1837;3
1756;7;1507;6;1425;7;414;7;1990;6;1541;8;1867;8
1875;2;1121;3;319;6;1571;8
1127;6;692;7;1006;4;1143;5;1256;9;1215;4
927;10;628;1;1981;2;525;7
1299;6;473;8;276;6;150;7;1429;1
412;4;1452;3;1836;3;1185;7;1526;10;35;3;1445;10
767;2;1038;9;1181;8;1430;5;1271;3;929;7;1411;8;1657;2
1044;1;724;7;1467;5
1861;2;710;10;915;2;1392;4;860;6;1176;9;627;9;1315;9;299;7
141;8;743;10;190;9;117;1;1391;7;1527;4
731;10;1658;3;350;8;1929;4;472;6;298;3
769;9;791;8;1677;4
918;6;8;2;1307;4;1639;7;1305;5;882;5;332;6
1239;8;713;4;251;2;784;7;612;3;1606;10;704;10;1307;2
1143;6;930;7;1071;1;178;4;1632;4;678;4;1261;2;38;5;1144;6;1419;3
1588;9;1572;5;78;6;135;4;642;9
228;10;1863;9;1371;3;417;4
1317;10;1436;8;205;8;426;7;721;9;1662;4;293;1
1351;3;958;5;22;9;103;8;1068;7;973;8;1013;2
450;10;1930;8;1975;5;1710;1;866;10;529;9;696;7;1660;3
1367;2;1469;6;891;2;1622;8;1169;6;1559;10;948;9;412;10;632;1
484;6;1963;7;1020;5;550;10
691;4;303;3;1672;8;1269;2;1715;5;544;1
872;6;1672;8;1429;3;225;1;783;4;1452;1;596;7
336;5;1577;6;606;10;1611;2;1015;3;45;2;1237;3;1455;4;1817;8;104;3
1243;4;1666;5;502;9;1899;2;198;3;234;9;632;6;1928;4;131;9
1647;2;116;4;399;8;1127;9
945;4;793;1;1482;9;854;4;346;7;108;6
407;2;1000;4;452;1;235;7;1269;8;416;2
1758;9;1694;9;793;5;439;6;1087;8
539;5;184;4;261;7;1188;8
1449;1;928;6;1183;3;985;2;1370;10;571;9;1689;9;1788;4;1074;6
277;1;551;3;1374;2;257;9;1224;8
280;1;1677;8;699;6
226;4;1600;2;488;9
1888;1;75;6;879;3;997;4;1551;6;1152;5;89;10;1181;1;257;10
165;8;767;5;431;8;1925;4;691;8;51;5;1983;2;1441;7
1187;2;244;9;1862;2;1014;4;337;8
1397;9;1021;6;855;6;188;10;1937;1;426;4;846;7;1969;1
1088;10;1047;6;778;9;43;6;1591;9;1138;4;632;5;1507;5;569;4
806;6;1885;10;1085;4;273;7;1272;3;329;7;1278;1;1704;8;1864;7;1336;6
808;9;666;6;1500;2
1914;9;847;5;139;3;1049;6;1813;2;1243;3;1681;7;1970;8;1394;4;1297;2
649;2;197;8;50;10
1543;1;1259;2;1632;9
603;4;488;5;831;8;886;2
782;3;1666;2;808;2;827;9;1713;8;642;8;495;6;108;10;490;3
1518;3;1543;10
1043;8;962;9;634;4;1482;5;906;6;271;3
1214;3;11;10;944;1
1697;2;1052;9;1872;6;515;2;1735;1;1600;3
171;1;1165;7;1204;7;1420;7
221;6;1874;9;1506;5;88;4;747;1;1255;2
1722;9;1242;6;1664;3;8;5;686;7
1172;9;124;8;1749;3;1705;6;198;6;536;1
1939;1;1275;10;95;6;462;10;1421;3;996;3;2;10;1446;1;1838;4
1363;10;1946;5;1503;8;1424;6;1124;3
1629;5;405;4;1179;9;122;3;832;4;1915;10;460;6;1373;8;172;2
1149;6;1062;6
1258;3;1290;6;1167;7;338;9;1136;2
219;9;786;5;1034;1;572;8;465;6;203;1;200;8;1306;9
731;4;296;4;693;2;1576;6;1260;5
774;1;1037;6;108;3;1904;1;1136;10;315;6;773;8;1155;2;489;8
508;2;467;3;1296;2;207;8
803;8;958;8;1343;9;1465;4;233;3
648;4;1266;3;1665;10;225;6;1339;9;1503;4
985;6;601;1
147;9;1359;1;242;6;346;5;1923;10;305;9;1547;7;661;9
122;1;831;6;1694;1;804;8;208;3
965;5;1532;2;1770;6;413;2;618;8;1846;4;1554;1
1243;3;1310;1;1279;7;1216;9;1322;8;1985;5
292;7;371;8;108;8
1064;9;1835;10;603;9;1463;1
1891;3;911;8;986;6;328;8;1485;10;1143;8;934;7
1614;10;1371;4;894;2
1641;3;1136;10;373;4
884;7;299;5;598;6;1385;5;760;10;1784;2;432;8;324;3
1701;8;151;7;1791;5;211;3;1210;3;508;10;438;2;94;5
297;2;1565;5;1626;4;731;2;1718;7;1881;6;1376;3;1287;4;391;10
1530;8;1054;9;1216;9;1957;8;379;6;299;8
676;5;199;10;1825;8;1718;1
870;9;1796;8
230;8;40;7;298;5;106;2;1299;5;1898;5;914;3;1828;5;1047;6
558;8;1804;6;307;8;421;9;1155;10;352;3
484;4;1093;7;553;3;953;10
171;5;722;6;468;3;1607;10;886;1;1152;7;1917;10;912;6
1171;7;1167;1;1772;2;616;6;1237;1;863;10;458;7;131;4;995;5
1201;9;54;3;886;5;1283;1;697;8;206;10;1362;10;1359;7;1614;10;616;3
882;3;819;4;1152;4;641;4;1286;8;1596;9;814;7;1345;3;276;3;1559;1
17;9;25;6;778;2;327;6;401;10
266;10;717;7;38;2;1817;10;1211;9;1805;6;807;2;485;2;1756;7;950;10
499;9;1794;10;1457;9
1436;4;1189;10;1345;10;1401;3
351;3;1614;8
1921;2;95;3;1348;7;1057;10;178;7;1352;7;1033;7;1350;2;302;8
1143;3;1309;2;1522;6;739;9
494;6;1610;7;932;8;1995;9
1166;2;1867;5;62;10;1161;7;399;5;1326;7;1635;1;446;4;1797;3
1780;3;1538;6
1137;1;1799;7;11;9
1509;9;1032;10;867;6;1114;5;492;10;285;7;658;7;23;2;59;4;550;2
1968;1;512;3;1204;1;1200;3;29;6;9;6;1784;3;194;7;1087;6
539;6;1965;6;146;1;1517;10;544;9;144;10;1266;3;1164;4;816;10
589;5;1888;10
1506;8;898;8;1381;3;707;4
986;1;836;6;329;6;1649;2;1258;7;732;7;1977;4;249;9
559;9;1032;9
147;3;1864;9;1087;5;1646;10
285;3;306;2;412;5;1402;6;698;2;596;7
502;9;1808;9;1133;10;1647;10;1014;6
292;6;1071;5;1077;7;806;1;1438;7
1660;3;1655;5;1992;8;1292;5;935;2;462;10;1975;3;1411;6;442;3;824;7
186;6;1644;4;1185;3;916;1;1118;6
292;1;339;3;996;10;1231;6;525;10
1740;3;1668;3;1234;4;1467;5;1872;6;37;10;1060;8;1263;5
533;8;1745;3;1353;3;1951;2;647;1;1825;3;1158;3
630;4;1579;8;1613;5;857;6;235;7;1644;1;1999;9
590;3;1381;8;181;4
206;6;1861;6;1400;9
438;1;1252;8;558;9;781;8;216;7;507;1;1148;5;860;7;1991;2
750;7;1777;1;1318;9;158;4;554;1;1578;2;1535;7;606;8;1001;3;213;8
1784;10;853;10;342;9
726;6;822;6;351;10;122;7
65;1;76;1;1906;8;26;4
1458;6;848;7;1007;7;1584;7;633;9;1302;7;1165;7
357;1;860;2;1858;8;729;4;533;5;766;9;1542;3
338;8;1817;5;1569;2;1367;6;1497;10;394;9;1137;5;980;5
1856;3;854;8;1973;7;659;6;1519;7;1299;6;215;9;1081;9
206;9;463;3;968;5
254;7;56;1;1828;9;147;8;52;9;842;7;819;2;674;5
774;3;1119;7;60;4;1869;3;929;9;719;8;538;2
935;8;385;7;583;9;73;1;369;5;864;10
1235;7;570;1;1230;3;1205;2;373;6;1218;3;549;6
1097;4;1184;1;1372;2;1935;5;35;4
1978;7;135;3;192;6;1024;9;679;3;1539;9
766;1;1105;7;394;7;799;6
204;2;314;4;1105;1;565;5;2;8;133;10;701;4;43;1
830;10;1896;3;543;9;1589;4;720;8;112;5;1958;10;1375;7;1674;6
587;2;1461;6;797;10;600;2;416;10;96;9;422;6;1692;2;891;5
1253;4;1475;7
1492;9;1641;10;1791;10;1091;8;1382;9;1404;7
1534;3;406;4;1241;10
50;3;238;6
23;6;903;3;473;2;148;5;1223;9
21;1;369;6;1177;2;1208;10;812;3;727;10;267;8;347;5;934;5;1529;4
776;10;1031;4;967;7;55;1;1924;6;333;10;1818;10
502;5;872;7;1409;10;897;5;729;1;687;8;293;7;865;4
1420;10;934;2;283;5;1041;8;1573;9
930;9;725;8;234;2;9;7;1611;2;843;1
1394;9;68;7;1451;7;1267;2;513;9;1845;10;1969;8
1888;9;693;9;1870;1
914;3;1497;7;737;9
716;7;1703;6;569;9;1801;10;291;9;235;4;346;6;1088;2;1434;8;953;6
1053;1;5;7;1714;10;88;10;1263;1;1004;6
24;8;157;5;1825;8;1735;5
1844;3;327;9;926;2;1854;2;1712;3
1157;5;481;2;846;3;742;7
149;10;746;3;340;2;911;10;1025;10
1079;9;930;9;1148;10;1926;6;530;6;810;2;1421;9;1648;4;239;6
1931;5;416;3
769;6;1677;4;1580;7;1978;4
1808;2;884;7;211;10
557;1;1484;10;1807;8
208;7;434;10;1692;9;1931;6;1739;1;945;7
515;5;1575;9;670;2;1935;7;314;3;1549;1;1856;6;923;5;1281;9
1477;2;421;2;1205;5;1557;2;1550;9;278;9;246;10;964;8;239;9
1837;10;334;5;1829;2;121;6;1180;8;1378;9;1795;4;1595;5
896;3;375;3;1938;5;1696;1
1314;2;508;10;9;6
1179;10;1806;1;821;6;101;10;1121;4;1897;8;1672;4;1473;5;1158;10
1253;2;1479;6;604;3;945;6
648;4;926;5;930;6;656;3;586;2
1249;7;194;8
1908;10;1888;6;1267;7;1292;3;506;9;51;10;1824;7;697;10;1521;6;1840;5
527;7;17;10
1376;5;841;3;1849;5;1563;10
320;4;1562;8;636;5;885;9;610;1
159;10;534;1;1276;6;1378;10;782;5;499;1;3;8
17;4;1193;2;1141;3;688;4;395;2;585;4;128;1;732;5;1463;10;938;1
845;6;470;10;1162;5;1052;2;1207;2;1192;5;1518;4;1154;10;1966;6;1334;2
1497;5;1227;7;1601;9;201;8;1949;10;351;10;1355;6;735;7
492;8;241;9;802;3
219;1;517;9
1322;2;1218;8;925;5
144;7;420;7;1679;7;1365;1;538;6;101;10;1277;8;336;5;926;7
1912;9;1206;1;929;5
904;7;1001;3;134;8;526;10;128;2
678;2;361;9
1634;9;1637;5;849;1;1829;6
1004;4;577;10;1656;5
1043;3;1411;5;1412;8;1505;10;1547;3;218;6;1866;10;1533;8;383;2;750;9
58;1;72;6;678;9;49;10;109;1;4;7
1888;3;1274;1;1043;7;1214;1;1199;2;1474;1;1669;4
65;9;1842;5;1255;10;976;4;314;10;121;6;508;9;752;9
1921;1;1119;3;753;6;1497;3;1528;8;633;3;1524;5;224;7;808;7
424;5;645;7;755;5;1359;5;369;2;461;10;1971;10;1413;2
1437;6;549;10
1185;9;1070;5;1341;6
1907;1;374;6;433;2;1092;10;991;2;654;7
1033;10;584;3;594;10
1391;8;418;7
83;8;385;2
1905;2;1316;8;1183;2;90;5;197;7;23;7
708;10;158;5;828;4;600;5;1696;4;853;8;1556;3;592;3
1027;6;193;3;799;2;948;2;1225;1;1196;9;1242;6;1121;6;1956;8;745;1
787;8;397;8;437;6;1691;5;1533;3;405;4;1206;4;308;8;374;4
383;2;931;5;1886;8;1828;9;1551;10;1864;8;431;5;239;1;1908;7;1987;9
1697;3;1056;3;1903;5;587;1;243;7;937;4;498;9
1075;7;1664;3;407;9;1984;4;513;8;1589;2;1851;6;1197;8;1324;9
10;4;1742;10;1736;7;544;8;1355;7;1484;7;255;8;218;5;490;2
390;1;24;2;1314;4;513;4;1989;7;1740;10
191;4;247;7;1657;5;1526;1;1641;10;1294;8;1090;6;222;6;1627;5
302;1;290;1;1619;2;1984;1;714;7;1667;7
534;4;916;8
1449;7;719;8;1623;5
999;8;890;2;12;8;328;2;1407;8
806;2;586;3
63;8;1266;4;1917;5;461;5;1541;9;1206;6;1887;7
1182;8;873;6;1717;9
1405;1;579;2;1601;3;953;7;861;1;1216;4;1477;5
799;5;670;9;893;3;885;3;1775;9
1051;1;1381;9;614;2;1333;1;1473;10;1927;2;884;6
904;7;161;10;1205;9;392;5;1756;7;1497;5;1138;6;1806;2;1699;8;820;4
1059;5;777;5
613;5;1563;3;839;6;1757;6;392;2;455;7
702;5;1558;5;586;6;1864;1
1409;2;1717;1;1537;10
351;6;1988;9;1581;5;1416;10
500;1;617;5
540;7;1383;3;1617;7;84;10;513;3;1075;8
1409;9;879;4;653;7;1221;1;1662;6;946;3;264;10;594;8;1677;2;515;8
669;7;813;2;621;6;178;10;189;5
1294;4;1382;10;509;6;256;10
233;7;897;7;1982;5;51;3;1474;4;1629;5;1391;8;250;3;1053;1
813;5;1574;4;51;6;1988;5
1535;7;1595;4;1980;3;1809;9;719;3;739;5;61;2;1445;7
520;2;1949;1;736;6;188;9;356;4;259;6;617;2;444;8
174;10;1125;10;834;4;1961;8;1185;6;776;7;1872;7;1928;8;999;5;222;10
911;4;1196;7;182;5;594;5;1995;3
837;10;858;5;744;6;379;6;756;7
78;1;595;9;1606;10;42;6;1239;1;1787;5;237;1;1514;8;1964;6;1033;8
142;8;823;6;562;10;352;9;575;5;4;5;534;8;977;1;264;8
797;8;906;9;1930;2
944;2;309;5;1028;7;1276;9;1441;3;1934;5;663;8
1263;9;1638;4;526;7
1914;10;939;3;1221;2;1698;4;166;4;136;9
148;1;720;2;1238;8;101;6;428;4;1718;9
1461;7;218;2
327;10;193;10;1670;9;1331;10;969;1;1648;3;234;1;1338;4
1529;2;980;4;1895;9;1080;2;187;4;955;5
1465;2;9;4;1855;2;1322;9;128;5;1257;2;954;3;1163;2
597;1;742;10;724;10;1656;10;90;2;283;4
692;8;1741;6;1683;9
1639;10;115;6;568;1;1003;3;1367;3;1051;5;146;8
543;1;1872;7;1971;7;55;5;40;4;1347;10
807;1;662;9;1537;5;431;7;844;9;855;9;1394;10;739;4;464;6
1178;3;783;4
930;10;1111;3;1381;7;1624;10;917;2;1061;9
774;2;1514;3;752;1;1225;4;103;7;751;3
10;8;1403;2;316;1;801;10
1052;4;1490;3;1095;2
1010;5;633;9;87;2;1972;5;202;3
89;6;609;5;660;9;326;10;679;2;50;2;1999;2;1573;9;169;3
331;10;654;2;1770;10;1024;1;506;10;477;8;1593;8;1609;8;119;3;1835;2
311;2;1445;5;821;5
1823;10;1079;2;197;2;1647;10;676;2;320;2;1019;10;684;2
1304;1;703;9
374;4;1309;3
1391;3;171;9;1144;3;1154;4;497;2;707;3;1741;10;1660;3;1750;7
444;4;1270;6;1820;10;1444;3;1574;3;71;5;1980;6;725;1
23;7;1236;10;691;7;235;9;578;6
83;9;121;3;1108;3;849;4
1324;7;373;8;1091;6;900;4
678;9;1226;5;851;5
1283;10;1530;9;9;2;874;8;69;6;1169;8;732;7;437;2;1398;8;632;5
887;7;410;1;805;5;1188;1;1717;1;479;6;510;10;1131;8;486;10;325;1
251;10;687;3;939;3;1234;5;1621;10;615;4;609;6;790;5
85;10;1889;9;1166;7;320;2;1955;6;5;7;310;2
1821;2;1342;9;933;6;399;9;747;9;1204;2
1484;2;95;5;928;10;1438;3;761;3;958;2;1953;4
1415;8;1453;2;903;7;1805;7;1360;5;830;3;1436;5
1348;3;165;3;1822;10;724;4;1121;2
1936;1;1776;1;546;6;1723;8;1293;10;1418;3;1015;7;1647;5
546;7;429;8;389;6;833;10;1493;2;778;8;1975;9;692;4;1982;2;1945;3
1113;1;997;4;1069;7;530;9;203;4
796;5;950;5
1881;4;78;7
1382;8;1622;6
1392;5;1949;3;286;6;1124;7;1199;1;976;4
166;8;703;1;628;6
236;5;486;4;1849;1;96;3;489;8;1989;10;727;8;1827;9;1069;1
880;3;1450;3
1809;2;910;1;788;3;496;1;302;6;1916;8;922;5;296;5;981;6;96;6
1498;10;1634;2;882;8;1836;5;1354;4;213;1;190;9;1533;6
1086;4;1090;5;967;2;1797;5;18;5
875;6;1057;7;1405;9;662;5;342;6;1155;3
1928;6;519;3;872;1;1376;5;796;4;150;5;472;4;198;5;1639;8
1373;8;1928;1;1661;6
119;10;608;9
1517;9;1809;2;1079;6;1353;10
1577;6;598;3;1203;1;904;9;1612;8;1809;8
1875;7;1518;6
363;2;1483;4;1207;5;1322;4;806;7;682;10;1364;5;1560;3
479;6;34;1;821;5;1394;6;1397;9
1096;4;348;1
407;3;445;4;976;4;1063;7;1724;9
692;4;1238;8;531;3;958;1;212;8;1515;4;1433;2;1546;5
767;6;1450;9;672;10;1427;2;38;7
543;6;1609;8;1649;4;1005;2;1925;5
374;8;1879;3;1670;6;1156;1;1002;8
1543;2;55;1;374;1;1258;10;404;4
294;7;1083;6;518;8;1102;5;404;7;1158;5
931;3;192;3;1838;3;1868;5
380;7;1251;7;9;5;304;7;1302;8;400;8;688;7;675;8;706;2;600;10
318;3;1578;5;876;6;382;6;807;3;297;2;1144;5
755;10;417;4;1134;8;467;7
539;7;1756;1;253;5;1477;1
142;7;1872;9;56;4;317;2;1847;6;1485;5
1063;4;1677;7;353;2;1048;2;677;7;1754;2
1588;10;575;8;153;8;1706;8;1504;10;1721;7;74;10;855;3
1712;10;1531;3;846;3
1920;10;866;3;1731;3;1293;9;1084;9;724;5;297;5;1190;2
357;4;1838;6;1707;10;1392;2;648;9;1624;4;1681;5;416;4
594;9;743;5;393;9;1355;5;40;2;1325;4;194;5;110;5;1275;9;1170;9
90;1;563;6;224;7
1375;3;1595;2;1146;10;1353;6
787;9;1787;7;1146;3;19;2
28;7;792;9;680;5;1936;6;1903;4;1913;5;773;5
630;4;50;2;803;1;1294;8;296;7;1922;6;519;1;1443;5;1403;8
294;3;1142;9;1304;7;1252;9
1337;3;885;3
1780;7;691;1;11;8;1359;6;1153;3
494;2;1739;7;568;5;1774;9
1706;4;68;5;147;2;324;4;1926;9;356;7
1468;1;1669;8;1387;7;1591;2;1856;1;1166;10;257;2;1347;8;1975;4
487;1;1592;6;413;8
1344;9;549;4;1908;10;1056;2;830;6;94;5;1665;3
1881;7;997;2;436;2;1014;5;955;7
1866;7;1250;4
23;8;1149;2;1125;1;27;1;173;4;1523;8;1932;2;373;7;464;9;554;3
1171;7;1594;6;1187;6;842;3;1765;8;1390;1;969;8
1771;9;1619;9;902;1
665;7;751;1;333;2;235;8;299;1;1319;10;1967;10;227;3
1188;4;1278;1;1549;2;915;6;777;10;199;8;1813;9
1249;6;1554;6;787;6;1261;2;1476;4;817;9;1726;4;309;1;1902;1;1676;3
1340;3;1769;3;127;3;34;10;1273;7;1720;6
1919;8;1951;10;498;10;1488;10;59;2;449;9;1013;3;623;8
1646;10;1362;3;1972;3;691;6;890;6;1978;1;1713;1;1910;5;610;1
1074;7;601;8;1586;10
1997;7;1821;2;1232;5;285;4;1959;4;756;9;1229;8;1317;2
338;1;1456;4;394;4
1965;6;1250;5;1908;7;164;2;835;2;568;5;1445;1
998;6;1481;5;1554;2;1348;1
713;3;138;6;1254;6;347;4;1182;7;633;1;294;6;301;4
1326;5;1754;6;322;3;877;5;1928;3
625;1;1163;3;1330;4;541;5;1469;2;349;6;1702;4;1273;10
987;8;1292;1;91;1;781;5;1155;8;289;5;1588;1;1450;2;1940;4;1845;3
1465;5;1033;7;300;8;1452;9;919;8;1;9;626;8
83;8;1586;2;121;9;1703;2;796;4;163;6
1043;2;798;10;1548;6;1315;5;1612;10;769;5;1425;5;438;3;768;4
594;4;1852;4;720;2;968;4;1792;7;1134;2;1789;9;307;10;1918;9
1162;7;1858;9;1747;8;719;6;1110;5;253;8;1075;2;588;4;1217;3
1098;6;999;8;1930;1;1500;3;888;3;32;8;1615;6;1206;1
1001;4;1357;8;959;1;788;6;1422;5;1771;8;1983;8;1275;3
1831;5;123;4;51;8
1086;3;1898;5
1351;10;109;3;1393;1;1222;4;113;9;565;10;763;3
1075;6;1519;4;367;7;70;1;1710;8;897;3;894;1
893;1;1066;10;1566;7;660;5;605;10;131;10;1072;5;239;1
1262;1;1949;2;1832;8
1784;2;520;1
474;10;985;8;700;6;1393;6;887;5;1688;4;834;4;1720;7;1024;6;359;3
354;6;33;1;719;4;596;3;1699;2
1201;4;1867;3;10;5;1643;10;786;7
1763;10;877;3;996;10;603;8;526;5;70;6;1425;5;137;10
1249;7;829;10;1521;6;884;10
1310;7;195;9;1653;3;853;3;879;5;304;10;1687;6;1119;2;900;1;1882;9
160;6;1878;8;492;1;374;2;1586;10;1429;7;925;6;369;10;1235;8;549;3
1198;10;970;6;1116;8;1355;3;1557;1;1135;10;1279;4;88;2;1622;5;480;4
1819;3;1033;9;1071;9;1660;1;1570;5;1714;6;910;4;989;1;171;9
1850;1;162;9;368;8;144;10;1645;5;893;3
1949;4;799;8;1636;1;1795;4;1118;2;1302;2;1537;1;1863;1;681;5
1461;3;279;5;108;1;1173;5;1496;2;451;2;850;2;956;2;1319;4
14;6;1976;6;1944;8;1761;1
945;7;916;1;1149;5;319;4;591;9;1050;1;858;7
1478;3;1630;1;1406;5;93;9;1049;10;865;3;1032;10
1179;5;970;4;92;10;376;2;1316;9;1407;8;311;3;1347;4;452;6;506;1
1362;9;715;10;1784;5;1257;1;1727;9
1964;4;1970;4
784;7;1109;5;1758;4;1316;2;1660;3;37;8;1653;4;1128;8;94;4
1145;8;1637;5
1249;2;122;8;1293;9;714;2;1290;5;853;2;178;9;1356;3;380;6;1379;9
1841;4;1646;9;1466;9;947;10
1429;9;1086;3
981;7;1382;5
1161;10;1216;6;1109;5;564;7;1762;4;1504;3;1909;8
1487;1;633;3;1584;1;380;8;1889;7;244;10;651;3;1686;8;1194;2
352;9;1494;3;1953;2;92;7
56;6;874;8;1952;8
1371;8;326;4;1893;10
677;2;1513;9;1129;5;6;8;507;8;1081;2
1168;6;1971;10
630;9;508;2;1599;3;888;9;132;4;1600;10;256;4;970;7;374;5;259;6
265;7;1112;2;1791;10;1622;10
1137;9;1657;10;235;8;997;6;801;2;936;1;1252;7;1087;3
73;3;1031;8;1612;4;1702;10;701;4;1904;7;1431;6;904;9;1661;7;1149;10
534;7;1311;5;1740;2
360;5;1340;3;1346;2;1456;10;1930;5;1493;6;163;5;346;5
1598;1;697;1;1603;6;1848;8;1314;9;1021;9;632;1;260;8;1060;8;84;4
514;1;606;10;955;6;615;5;1659;2;931;8;844;6;902;3;1234;7
536;3;398;9;1663;4
1583;2;1235;7
508;3;1492;8
97;4;800;5;587;6;1827;9;1993;9
351;1;1296;1;53;9;329;1;649;7;540;10;717;6;1821;5
1267;6;1627;1;1349;7;1039;1;120;3;1037;2;1394;6
1757;5;507;9;129;3;1691;6;173;9;1574;6
1058;8;869;1;1376;2;417;5;389;10;149;7
784;1;1928;1
288;6;1114;10;1243;2;805;4;1304;8;1115;8;972;8
1743;2;711;10
546;5;1033;10;1695;5;369;7;1935;3
1432;8;892;2;1001;8;813;2
1802;9;765;7;1929;10;1466;4;758;7;530;4;360;9;535;10;711;9;807;3
1409;2;1040;6;655;1;1744;5;1296;4;909;10;702;5;1634;7
2;10;830;7;287;2;467;6
449;8;1470;6;127;5;1638;3;1048;7;288;4;1665;6;24;2;1494;2;1223;7
1893;7;1116;9;698;1;879;2;191;1;1045;1;730;2;170;1
511;2;433;1
1371;4;110;5;1664;10;121;7;346;4;1068;6
1679;7;1034;1;981;1;805;4;1265;5;1424;7;132;7;152;1;624;9
1601;10;864;7;413;1;93;5;1064;10;763;6;1872;4;1123;4;923;10
1214;8;29;7;1387;10;564;2;488;7;1173;1
540;3;392;2;1849;7;1806;5;616;2
1925;9;1696;6;182;9;603;3
1881;2;470;5;1047;9;701;6;8;5;5;1;1556;2;135;6;1796;6;1291;8
387;4;1844;4;1449;8
1706;8;60;7
819;1;196;2
285;7;528;10;984;2;1470;9;817;3;1761;10
934;5;1642;3
1382;9;238;6;1298;8;80;4;1676;1;1656;2
265;5;1254;10;1455;6;376;4
1594;8;183;5;725;7;969;8;977;7;1870;8;1399;9;1554;3
1620;6;1557;7;448;8;1668;6;505;3;1715;3
537;5;1755;8;1853;3;161;8;1281;9;1794;10;893;7
826;4;1793;1;1633;2;726;7;1851;5;202;2;587;5;1388;7;622;8;1534;9
318;9;1474;2;1274;2;1464;9;964;3;814;9;1946;9;284;10
1017;8;1940;9;656;7;1038;3;1520;1;1071;8
316;9;1625;4;1940;3;903;7
642;10;1362;9
1398;2;256;6;60;1;1521;2;1968;8;1483;10;104;4;1497;6
1867;1;804;4;648;8;1168;1;285;4
1988;3;136;8
1125;5;604;1;140;1;86;5;1431;1;534;5;1342;5;285;3;452;7;222;5
374;2;1703;7;757;3;1314;8;1736;6;1611;2;259;6;1743;1;1073;5;180;6
870;7;586;2;119;5;1181;2;1761;7;1498;4;100;1;1117;9
964;6;1725;6;994;3;842;6;1701;2;617;5;1069;7;1516;1;1732;4
1646;1;1276;7;1569;3
333;3;261;7;276;8;797;8;1953;2;1748;7
1690;6;1375;9;26;1;699;7;1793;8;936;1;954;5;91;7
207;5;1271;6;505;3;1387;2;1852;6;1907;2;1577;3;1221;10;446;5;253;8
1149;5;456;10;1395;9;148;3
1774;8;803;7;81;1
594;3;1706;6;1690;2;816;8
1557;5;991;9;401;9;557;7
656;2;129;3;1327;2
1461;4;377;5;1197;4;1256;8;172;7;801;7
633;6;599;5;864;7;240;6;1735;1
1623;2;1300;7;1067;7;712;10;975;1;1576;9
18;7;1158;2
855;4;1457;5;487;5;59;9;56;7;523;6;1332;9;736;1
124;3;91;5;82;5;1404;5;1125;7;1960;8;880;3;525;4;1862;4
145;2;280;5;290;10;1729;1;1685;2;886;6;817;9;837;9;1816;3
72;4;887;9;1415;10;1800;7;1575;1
1663;3;1848;1;1331;8;1351;4
1498;2;742;9;651;2
1564;3;1534;2;1293;4;66;2;767;2;468;10
13;3;258;10;212;1;671;8;349;2
472;6;580;6
543;4;242;6;1356;10;1007;2;1178;7;1041;8;1032;1
368;9;271;9;382;2;697;3;1209;3
1754;5;1357;8;738;3;1208;4;151;5;1352;7;91;3;1676;9;32;7
1592;10;762;6;1580;7;934;7;1249;6;1655;7;200;4;1036;4;453;9
1633;4;387;9;284;8;1460;10;988;2
590;6;1996;10;384;8;700;3
1970;10;1952;1;605;2
1878;2;1757;1;739;6;691;2;1501;9;1652;1
1231;9;332;7;1533;9;190;8;1314;8;445;1;766;8;20;2
1372;1;246;9;1486;9;870;2;181;5;873;9;668;10;1099;10;1189;9
893;2;836;10;874;10
1848;6;887;1;1827;4;1514;5;340;2;292;8;879;4;1618;6
313;4;756;6;724;6;387;8;1740;5;1132;9;1445;5;1855;7;1164;1
1218;2;731;8;1167;7;1828;2;1536;6;708;2;231;2;959;1;1561;6;500;5
1229;3;192;4;467;9
1995;2;537;2;1893;8;1014;1;1562;6;1518;10;1205;10
695;1;78;9;1030;6;1794;5;433;4;241;7;986;9
1743;3;99;10
1395;6;345;2;1587;2;1753;8;355;5;136;5;628;10;101;8;1013;9
1368;6;230;7;907;6
624;6;1727;10;1817;9;1639;2;1792;9;1069;7;134;5;1719;4;1329;6;1037;1
240;5;1340;8;205;3;1949;4
1732;5;1000;3;1705;8;227;7
1731;9;476;1;1745;1;1851;6;971;2;1091;10
1926;7;631;2;580;2;1202;4
320;3;1955;4;1870;4;908;3;1734;10;203;6;1730;8;1509;8;89;8;1728;7
1965;4;82;4;1966;4
613;1;1479;4;475;9;1968;3;734;5
1569;5;1758;8;1680;6;191;8;854;10;1282;7;1404;7;1291;1
206;4;372;1;175;5;769;4;1404;8;1864;4
1025;2;1625;9;721;8;918;6;1602;4
1937;6;927;2;326;8;1699;1
1362;9;585;10;546;9;348;7;447;6;1128;9;175;6;400;2
1243;4;1319;1;695;4;997;5;1852;1;959;8;545;9;313;10
383;3;555;9
233;9;1574;6;472;10;1239;2;741;7;394;2;1899;3
857;5;1815;10;1960;10
477;9;603;1;1660;7;1249;4;1869;9;4;6
262;7;1310;6;104;9;1739;2;394;10;558;10;1502;8;1687;3;1612;7;1056;2
520;5;1644;10;620;4;1140;1;1004;5;802;1;1361;10;1092;3
1350;2;444;7;654;7;1460;6;1804;6
1933;6;782;1;1945;9
1620;8;1475;5;103;8;872;8;598;3;952;5;991;5;1401;3
692;3;396;2;755;8;1994;3;550;1;446;10;15;1;105;9;585;3
592;7;388;6;308;6;442;1;958;7;1505;2;800;6;1201;1;871;3;671;8
1250;4;432;1;1079;7;967;2
559;4;1123;7;389;2;476;3;857;7;201;10;1040;4;602;5;519;2
1395;4;1663;5;1529;6;589;2;435;8;339;9;1414;5;446;1
1923;10;688;8;33;8;519;5;918;3;1401;3;611;10
521;1;205;6;1157;9;626;8;1875;5
723;4;703;7;1182;3
366;4;241;10;714;7;137;2;1043;3;1992;7;1708;3
686;4;1665;9;1535;4;640;3
1562;4;62;5;1103;2;1503;10;1876;9;1164;2;1254;4
935;2;1893;6;408;8;282;7;1468;9
209;6;1887;4;1719;2;134;9;636;7;1488;6;359;2;1504;8;1950;10
823;2;1235;9
1949;4;1347;9;810;8
555;10;242;6;1224;10
936;1;1535;1
1739;10;649;3;354;2;716;7;700;7;980;9;752;6;1872;7;900;5
449;10;73;4;680;8;1461;10;822;2;381;10
377;7;289;8;491;1;1858;9
1815;10;117;7;211;10;381;7;816;9
1875;7;775;1;1773;1;1110;8;1251;7
915;3;413;3;783;4;1647;5;1632;3;928;5;1558;1
46;3;1847;7;1004;6;915;7
1332;10;73;4;140;10;1424;1
159;10;1012;3;882;10;1263;4;498;5;1787;1
1227;1;434;4;1387;3;272;5;530;8;1968;7
948;9;613;3;80;5;1923;5;682;4;1642;7;524;4;822;6;302;6;975;3
955;7;1529;8;1106;4;599;6;1222;1;186;1;748;1;696;9;124;7;744;3
1058;5;51;5
680;2;1817;1;1608;5;1863;7;913;1;1263;4;834;10;1779;8;912;2
1272;2;279;6
349;7;1045;2;1189;6;571;4;292;6;39;1
1058;10;929;4;855;7;25;9;1274;1;1370;8;830;9;795;5;1608;7
1135;6;838;1;1811;3;615;10;1759;1;1149;4;1438;4
836;8;22;9;1383;4;1598;7;1930;8;844;5;615;4;1446;4;1253;4
1697;7;831;2;464;1
1783;7;200;5;1146;10;1365;5;204;2;1111;4
1004;7;438;2;1970;8;1363;4;986;1;1503;4
960;9;61;6
757;6;217;10;146;2;334;1
333;2;1899;1;404;3;224;2
1945;10;1153;4;1224;6;1472;6;521;8
1490;1;1087;10;1628;3;341;4;1626;2;1639;10;496;5;158;6;1709;4;675;5
875;1;1715;6;1567;8;1452;1;81;8;773;3;734;9
1348;7;1439;2;1715;7;1546;9;926;4;1144;1;1975;7;1122;8;424;2
1797;4;1871;10;1467;5;807;2;1014;9;1567;9;1276;6;715;10
1642;1;36;3;140;8;390;7;1585;3;196;4;1473;5
1246;7;1134;6;1636;7;856;10;415;3;801;10;243;6;1406;8;951;6
484;4;1710;3;1620;8
1802;10;590;10
934;1;1179;3;257;9;1933;5;1827;3;704;1;1153;4;662;5;780;6;605;1
956;4;641;10;567;8;134;9;965;2;553;5;609;8;271;4;125;2
1543;8;764;9;497;7;1323;6;1232;7;178;9;27;1;1567;7;983;1
98;4;777;6
418;9;1162;8;1691;4;891;2;410;8;294;5;1323;1
1484;8;927;5;1465;9;1459;6
21;4;1925;9
813;7;995;4;48;8
308;8;975;1;964;5;560;1;1500;6
945;6;1233;9;1765;10;15;5;1018;2;793;7;17;8
757;1;1780;9;576;10;59;5;934;6;1552;7;655;9
747;8;88;1;1911;7;1585;2;1726;5
1860;4;1491;3;545;2;1604;9;324;6;1394;5
1501;4;909;5;1418;8;1106;5
588;1;154;2;760;6;262;9;264;3;1707;5;177;6;481;7;486;6;1602;9
828;7;755;4;1139;2
649;3;1644;4;345;7;528;1;862;5;1803;5;948;7;1019;6;1857;2;645;10
801;1;1993;2;1195;2;104;2
147;6;1040;9;1136;10;1296;1;1279;5;1768;8;565;1
1642;1;429;4;1957;5;577;1;1433;4;418;5;1425;9;1581;6;560;3
923;8;196;9;413;5;305;3;1725;2;964;5;390;1;1984;8
212;10;767;3;1280;4;1462;5;1410;5
1739;3;524;2;1187;8;369;4
551;4;482;4
1631;8;114;6;1581;4;742;10;881;10;272;2;151;2;399;8;782;8
1102;9;486;4
524;4;1151;8;947;6;850;4;1573;6;1015;2
1052;8;1939;10;686;8;1807;7;622;4;272;1;1622;2;1672;3;1371;3;492;8
1376;2;1551;6;1961;2;1168;3;931;9;1760;3;1515;3;1135;2;786;8;322;10
1592;5;551;8;127;3;102;4;1423;2;264;3
502;10;1623;4;1994;6;1562;1;1949;10;281;5;1857;7;554;5
656;8;1004;3;142;5;1393;9;1102;5;906;2
1541;7;1233;10;294;8;984;1
1589;7;491;3;1061;10;1540;3;1127;1;805;8;3;9
543;4;1653;1;217;10;1961;2;946;7;267;9;1022;7
717;3;280;7
1497;7;722;10;1096;6;218;5;871;6
1088;1;1220;7;461;4;1738;3;1714;8
507;9;1392;1;1520;3;816;1
935;2;1732;10;30;2;581;5;1233;8;820;4
790;5;1965;9;1462;3;1935;5;1292;1;1120;8;1519;3;1953;6;1078;2
456;6;821;9;968;1;842;8;36;6;590;2;1422;6
521;1;160;10
409;1;1118;8;29;4;1495;5;1633;7;1954;3;190;6;1182;1;1475;10
905;5;1509;10;505;10;33;1
1740;2;1401;6;1322;2;964;6;402;6;914;7
1921;4;628;2;507;5;1007;5
1303;5;728;4;1737;3;864;4
476;3;1179;1;1832;9;593;3;1884;6;1388;9;213;9;1516;5;1470;5;843;7
101;9;1313;3
543;5;1568;1;257;3;4;7;400;1;1547;5;50;9
586;6;1265;1;113;6;620;8;59;9;1976;5;1220;3;794;4;1701;5;1993;5
1484;8;1614;3;901;6;531;7;143;8;848;9;1471;2;728;10;1128;3
37;2;1388;2;347;2;62;3;418;5;355;4;963;1;502;5
1253;7;484;7;144;6;1100;4;1592;8;1370;8;1523;8;165;6;511;6
1445;5;892;5;881;6;181;7;687;6;645;3;1913;9
534;5;13;4;1741;2;502;5;804;4;58;10;725;4;1347;3;1145;1;171;8
577;2;600;8;1746;5;728;3;262;1;891;3
471;1;1751;7;1668;4;76;5;1687;1;634;3;1237;9
1988;5;650;1;773;4;1231;4;724;10;304;1
956;8;934;4;34;10;1035;6;861;3;874;5;196;7
971;5;100;8;1000;6;1266;1;491;3
1992;8;1663;1;1493;4;948;2
386;7;1310;3;1015;3;396;8;451;6;717;6
674;8;207;7;222;7;902;4;891;2;1354;6
653;10;1714;5;1317;2;1897;2
576;9;1639;8
450;9;1574;9;1892;10;945;7
622;4;69;2;920;7
1475;4;874;8;226;4
1044;8;1704;10;547;6
1034;10;1893;2;964;4;337;3;811;9;224;5;1334;4
50;7;137;9;554;7;495;9;1184;7;1782;7;1212;2;246;5;1425;4;367;8
1171;8;1076;5;1913;5;1935;10
1043;10;1010;5;1905;1;328;7;1162;7
512;7;1562;8
624;9;1162;2;1434;7;1301;3;1948;8;1621;8;65;2;1624;5;574;4
700;1;1198;1;1946;1
297;9;947;7;1335;10
924;7;1969;1;618;4;1029;8;1352;5
349;4;1204;9;758;1;341;3;1899;1;776;10;817;10;1733;4;1376;1;492;4
1249;1;1984;2;1705;1;237;9;56;8;252;3;1606;8
518;7;1049;8;145;4;1383;7
1012;4;1716;2;872;1;623;2;1760;5;1396;10
1841;10;624;4
1497;1;937;10;598;9
344;4;187;5
826;7;1677;1;1721;10;191;9;1580;10;834;10;676;10;1699;3;1321;5
244;3;868;6;1052;9;1945;2;1855;3;1257;4;753;2;1500;2
1504;9;664;9;1581;3;816;9;801;1;1947;6;1006;5;940;1;1982;1;613;9
1154;1;1927;5;1227;5;148;3;1555;9;268;10;878;4;447;1
1771;10;1669;10;1516;7;1900;9
1432;10;409;4;901;3;671;8;18;6;1193;7;1930;9;997;7
702;8;449;8
780;9;1808;5;1783;2;542;3
186;8;412;4
1166;9;369;5;1636;4;479;1;85;7;1139;1;307;2;579;6;1526;1;1799;1
935;5;809;1;1703;8
1561;4;869;5;673;3;267;7;1939;1;997;2;1405;6
72;1;1247;2;1171;8
776;9;345;1;1400;7;1182;9;1738;2;366;10;1200;3;1281;2;892;4;716;4
1706;4;877;2;139;7;1641;10;1919;8;563;4;1689;1;1257;9;335;6
747;5;256;2
1415;5;334;10;931;1;1281;5
310;6;87;4;1411;9;1468;1;1305;9;1008;1
736;1;925;4;507;3;1713;5
372;8;149;5;1719;4;608;3;980;4
372;9;556;5;1121;5
671;6;39;7;1036;3;474;10;1596;1;277;1;1983;5;983;4
876;4;1043;5;1771;9
309;4;1622;6;1034;6;1295;3;501;9
138;1;1841;8;1870;3;1220;5;56;7;1571;1;801;2
532;7;52;5
58;5;1741;4;1638;1;184;8;374;4;106;7
253;9;864;8;1081;8;631;2;1173;3;1828;10;1839;2
1382;4;1848;6;1375;9;408;9
1753;9;1279;9;1519;5
1908;2;1339;4;129;9;1991;10;684;1;1704;2;1828;6;713;8
765;2;1479;7
1586;5;1705;8
445;8;1785;8;936;8;648;10;1276;3;1191;10
667;8;186;1;1101;6;1610;8;754;7;1295;4;727;10;1412;2;1964;2
473;7;579;2;77;3;904;2;1122;4;190;1;1715;4;491;8;162;9;1282;4
390;10;277;4;895;10;1270;8;1391;1;44;2;1403;3;913;3;434;6;1935;6
280;1;1617;7;913;2;1606;9;1382;6;1408;7;1535;6
769;4;1683;4;603;6;222;2;1648;4;879;5;1800;7;580;1;405;6;1827;2
801;4;145;7
244;10;1878;3;289;5
1285;8;426;8;1576;6;1651;1;1051;4;295;2
1776;3;980;6;1462;9
1325;4;1292;5
669;2;1388;4;651;2;190;7;1286;7;814;9;39;8;221;4
595;7;102;4;663;7;52;9;665;6
1600;2;1555;9
354;4;942;8;593;6;440;8;1131;5;221;9
1235;1;661;7;1097;5;329;8;464;1;170;9
1546;9;229;5;289;7
670;8;114;3;183;8;298;8;377;4
1152;9;228;6;1417;2;1621;8;941;9
469;7;172;3;1057;1;1577;10
1186;7;1119;6;1797;2;1048;6;1035;9;1008;1
481;10;400;8
870;7;87;4;1906;3
469;6;495;2;1564;9;552;10;1824;3;1619;9;920;7;1147;1
98;9;1777;5;1230;4;876;8;484;3;267;1
980;1;1573;4;1858;5;830;7;1793;4;1152;4;368;8
1738;1;1056;9;1415;6;827;10;446;9;1468;1;1968;8;472;2;1099;2;220;6
74;10;1672;3
275;5;1988;3;151;10;1751;6
539;8;945;3;390;7;629;7;166;1;1562;7;1356;1
1395;7;902;6;563;5;920;4;1293;4;750;10;952;10;1489;7;40;5
784;6;1303;10;889;2;1282;3;1121;3;906;2;519;9;1125;1;331;7;237;4
141;2;1292;5;1621;2
847;1;1261;1
1873;6;757;4;1696;5;760;3;1172;9;1419;4;964;8
973;5;882;5;1539;4
1465;5;121;2;1651;7;1625;4
891;9;1904;2
418;2;289;10;1593;1;1133;9;876;9
500;2;1243;6;89;2;907;8
228;5;1233;10;792;8;1801;2;1177;3;208;5;1003;2
1821;2;1922;4;1031;1
700;8;314;5;1056;7;1263;4;1992;2;442;10;114;1
1546;8;1935;3;1461;1;75;6
141;5;1269;2;890;2;1907;2
218;1;153;2;1525;1;256;8;1141;10;171;10;821;8;1503;7
38;7;527;5;616;7
1063;10;252;1
1105;6;1009;2;794;5;821;10
369;9;232;5;1576;8
1258;4;801;7;381;10;1077;9;301;8
1835;4;980;7;1604;6;48;2;1284;8
686;10;1526;8;241;8;1984;8;1902;8;623;5;136;7
656;1;1560;10;1731;2;41;10;1141;9;1372;9;1314;8;1020;5;358;1;597;7
589;4;1747;3;1465;3
1835;8;1505;10;433;9;55;7;362;6;1019;9;876;10;1554;1;1913;1;747;9
533;7;187;2;1231;9;1537;1;902;5;729;6
1157;2;1518;9;18;6;834;5;1082;9;1545;7
1856;10;1369;10;716;9
1583;10;1312;8;1704;8;1000;9;1615;7;263;8;1294;8;1290;5
811;2;853;1;1223;10;1569;9;1925;5;1395;1;1067;2;53;3;1015;5;377;7
690;10;591;10;1732;1;1227;9;1665;2;1024;1
41;7;1324;4;1071;9;1685;8;598;4;469;5;1173;6;1509;7
1753;8;1129;2;1636;6;283;5;1529;7
454;9;1642;8;1578;3;66;3;609;7;1008;10
320;1;752;1;460;7;1038;4;1055;2;1374;3;758;6;998;10;323;2
1970;3;983;5;992;10;1485;9;1767;3;1102;8;1691;5;1169;9;1263;1;1628;7
917;2;25;8;1917;5
1088;2;1939;6;135;8;1729;9;1710;6;553;4;659;8;581;6;1318;9
323;7;1171;10;27;5;1050;9;1337;7
46;2;1705;8;1362;1;1135;7
1335;3;933;8;1736;10;1570;9;1576;1;493;10;1453;3;242;7;1926;4
1058;5;1276;4;1467;2;18;4;534;6;1788;6;978;7;540;2;1654;10
1878;6;400;5;1293;5;1550;7;1482;4;300;6;236;9;1168;3;357;8
1367;1;278;3;62;7;629;3;1308;9
630;3;845;5;1192;4
1958;4;1557;4;1923;5;952;9;744;10;1948;10;1669;7;354;10;1221;6;1899;9
252;3;843;2
1007;4;1828;8;794;2
450;9;180;2;997;8;1332;10;330;1;727;4;1123;3;591;5;719;3;1060;4
543;6;90;2;456;2;1129;10;1333;7;1132;3;35;10;1044;5;483;5;372;5
70;4;1140;3;1908;4;488;9
1214;6;1279;7;1616;8;655;3;530;2;1124;9
1631;6;1916;6;1459;5;1644;4;507;5;593;6;326;10;1386;8;1559;9;397;3
1845;10;1973;4;534;7;578;6
141;6;1695;6;1898;4;168;7;1518;8;634;2;1616;7
1862;7;1727;4;980;1;484;8;1242;3;130;3;266;5;749;8
1843;5;1008;1;327;3;177;4;898;2;421;7
1654;8;135;5
1644;2;150;6;1907;10;101;3;997;4;569;3;1014;7;380;3;190;2;1890;3
1044;3;1723;1;1720;5;756;6;381;8;1758;9
1569;6;1110;2;1191;1;1720;8
1025;9;571;6;999;4;770;6;1263;6;1250;7;1541;6;1459;7
708;10;462;3;607;2;1853;6
1001;7;755;9;1209;9;324;4
57;4;840;9;1611;4;1978;5;373;8;1715;8;694;10
1539;5;1902;3;1965;6;720;6
236;7;661;8;697;8
1412;10;898;6;1975;9;781;3;93;4;1079;4
1770;8;1706;3;1287;5;1652;5;1461;4;1559;9
1842;5;747;5;68;5;1531;2;1749;1;377;6;939;4;1536;8;396;3;1020;8
351;8;1698;1;268;10
844;7;58;2;661;9;350;2;1212;10
206;1;1709;5;1700;5;1750;3;1198;8
1555;4;1525;8;266;7;1319;9;1036;7;1902;7;1435;8
127;9;706;6;1145;3;1085;2;555;1
1086;7;706;3;711;9;880;2;42;1;1762;8;1122;1;1649;1
1044;2;110;4;1545;7;1722;8;783;4;503;5;1427;10;386;8
1968;2;427;7;401;6;1411;7;612;1;130;5;1086;5;18;7;1163;7;828;4
1992;1;795;6;423;5;734;4;1574;8;1823;1;226;3
1647;7;491;1;1025;1;1955;4;1494;10;1332;7;1963;1;456;6;1347;8
569;4;892;4;1933;1;618;2;1856;5;1316;10;515;1;531;1;1972;9;1137;4
438;5;946;1;1059;2;1762;4
673;8;926;4;1586;7;1374;2;655;2;1663;5;1401;6;449;4
1349;6;1199;7;836;3;681;5;922;2;165;10;1782;4
11;7;480;3;1797;2;1519;6;1635;7;1189;9
1013;10;179;10;965;1
391;5;1151;3;1550;5;1682;4;1375;4;904;1;1594;5;380;2
919;9;1422;7;453;9
1051;6;1434;9;662;10;711;8;1755;3
515;6;964;5
1746;8;1254;3;785;9;1013;6;1431;9;603;5;1476;8;1315;7;425;2;147;2
1683;4;1634;2;618;3;1617;4;1028;5;1766;9;420;6;837;5;484;9;1562;7
1249;4;385;1
449;4;1091;8;1710;10;1130;2;1260;5
372;10;1709;5;1932;6;835;7;389;4;1570;6;1010;7
1235;3;1082;10;1804;10;543;5;1866;10;1857;7;1713;1;578;4
294;2;1396;1;1251;10
1326;6;660;8;742;8;1203;10;1233;2;1593;4;1913;4;1698;7
394;2;1004;5;437;5;1203;10;1395;8;1012;3;1177;4;1252;9;164;5
331;10;1064;2;759;10
363;6;466;3;807;10;357;10;910;4;149;9
1596;1;1713;9;1841;8;78;5;722;10
1105;5;1677;3
1500;4;469;7;230;8;912;6;1810;7
1326;7;1417;8;1520;2;1761;1;1619;8;1407;2;1787;6
206;4;411;3;362;7;5;1;1232;10;346;4;581;8;1234;1
397;7;992;9;982;4;842;2;995;2;1725;4
1641;7;109;8;1542;2;753;4;556;8;1370;7;1296;8
592;10;1407;6;345;9;1478;6;192;4;1843;3;806;8
609;3;876;1;1150;1;557;10;878;1
227;2;1368;1;820;10;1185;7;11;10;1924;3
1651;10;991;2;1086;10
211;10;187;7
906;1;451;4;797;10;1697;7;1417;5
172;5;1765;7;886;10;1490;9;24;2;742;2;699;10;1141;2;1985;9;1387;10
416;6;108;3;45;8;407;6;405;3;116;5;746;9;1950;5
717;5;974;6;1152;10;1371;2;1985;2;81;1
1837;9;259;8;819;7;1736;10;907;2;1156;9;1789;5;328;3
418;5;1577;6;1801;9;81;4;806;5;145;10;1529;3;1421;2;598;4;305;10
1157;3;1446;3;250;4;1886;3;409;8;1725;2
320;10;624;7
1815;2;801;10;1610;4
430;4;1622;8;930;3;1773;5;1873;9;1846;7
1441;10;161;5;31;5;1761;5;865;6;861;1;824;1;1698;3
1050;5;1638;4;1227;9;207;9;791;10;1908;4;714;3
1835;6;1531;2
1259;5;726;4
1009;6;115;6;453;4
1867;4;123;7;1728;6;1732;1;520;5
1596;7;1019;8
1542;4;1088;7;1464;3;1113;7;196;5;1915;6
351;5;230;3;376;7
1252;1;504;1;48;5;1281;9;1567;4;968;7;1466;4;1306;2;1868;3
1335;7;1249;2;1789;7;853;8;1642;6
1145;4;684;1;1588;2;1662;6;396;8;251;8;816;2;1643;5;1870;2;1278;7
296;5;659;9;1384;10;691;10
1956;6;1141;8
1249;1;40;6;1578;7;418;4;380;1;846;5;1942;5
876;4;577;10;1075;6;1640;1;628;9;76;1
543;5;1273;4;358;1;1083;9
407;7;585;4;1377;4;1435;9;1169;3;661;1;48;4;746;9;302;4;1414;5
692;5;1067;4;1116;6;312;8
828;10;1437;4;1368;5;1340;10;610;7;1313;1;1814;8
473;5;1400;6
98;8;917;9;1742;8
1947;1;1131;2;360;1;1942;6;531;9;653;4;358;5
265;5;1929;10;1170;3
18;9;1662;3;188;8;1075;8;488;8;1067;5;1130;6;1989;5;1062;2
1280;6;438;4
1072;1;146;1;796;8;1729;4;1420;3;53;2
1835;8;1974;8;347;5;980;9
1867;5;459;10
297;9;183;7;658;7;274;2;849;10;1454;1;799;4;1046;1;990;5;855;10
1767;8;1785;9;104;7;1025;9;769;5
1394;8;1045;6;731;5;444;5
387;7;799;2;1094;9;936;1;1533;8;1790;9;1161;1;455;7
1771;7;215;7;1995;5;726;6;1491;3;815;7
1229;5;1785;8;1808;10;615;6;1111;2;674;3;1618;8;366;10;1833;10;1147;1
1187;3;1344;1;1482;3;1108;8;179;2
23;2;1060;8;1330;8;1142;4
311;8;1149;4;1004;9;213;5;1097;1;824;7;1557;8;1992;6
612;10;1533;10;451;10;1858;6;1519;3;344;9;818;10;1933;6;1822;2
554;4;1306;10;1238;7;1360;4;877;5;865;2;138;6;1843;9;1939;9;1486;1
1249;1;886;3
1061;3;1530;3;626;8;930;2;1504;6;589;2;1553;7;424;2
1837;6;1986;8;720;10;237;5;1295;5;794;7;898;4;918;1;570;3;31;5
904;4;1013;4;1422;3;1228;7;367;10;684;6;198;1;1742;8
1354;3;1335;5;214;2;1925;7
1696;2;61;6;1728;2;1159;10;626;10;1717;9;1986;5
1854;3;1986;3;1329;10;672;9;1422;9;309;6;616;6
515;3;1008;8;143;6
1444;7;488;3;1013;6;1697;7;901;1;1924;8;805;1
1497;10;284;8;140;3;1934;8;181;3;1371;8
1071;5;1156;2;1150;9;1360;5;743;1;933;10;257;9;1639;5;713;5
767;8;1438;8;999;5;1991;1;1128;9;560;9;874;1;1992;7
1408;5;1472;9;694;2;1209;4;1662;9;1062;3;468;2;1961;6
1914;7;673;3
1596;2;693;3;846;5;978;4;1079;4;1189;7;1628;8;1771;9;26;4;1372;8
196;5;542;8;350;5;1558;1;1982;1;1343;3;450;4;392;5;211;9
346;2;1662;8;1204;9;1414;7;1423;6;892;5
1415;1;306;2;1707;9;1995;1;427;2;851;6;291;8
1011;10;408;3;1042;9;1635;8
1614;8;1938;4;1006;2;1961;8;1409;10;364;10;779;10;741;5;1696;10
1069;4;882;4;1235;3;1870;8;1388;7;301;5;1292;10;742;1
1884;10;1077;5;1298;8;330;10;751;2;1690;1;1857;7;1363;5;577;3;1725;6
507;3;1402;7;1040;8;1657;7
33;5;1406;1;1246;1
664;5;1201;3;1380;7;1396;9;264;4
826;7;969;4;652;6;514;2;187;7;1278;3;1154;6
1820;7;219;8;208;5;1143;3
1706;4;1403;5;641;3;1573;7;453;5
551;8;883;3;189;10;323;5;623;1;943;5
1866;6;107;1;626;10
64;10;1769;7;1117;1;649;10;296;6;639;6;946;4;265;7;1204;5
648;4;215;1;765;8;33;7;1857;9;1039;4;1472;1;1227;3;406;3
450;3;1050;9
913;6;304;6;1167;4;928;8
1704;7;634;3
244;5;375;7
945;1;713;6;798;10
1819;4;926;8;127;2;396;4;457;7
449;7;354;8;304;4;922;7;120;2;33;7
317;6;941;6;978;4;223;2;925;5;1587;10;297;7;1319;6;485;1;1739;5
1469;5;1908;6;1389;7;60;1;315;4
1415;9;1766;5;512;3;767;1;703;1;448;9;1977;5;345;10
806;9;803;9;387;2;1139;2;865;5;1507;5;725;5;1606;4;1595;7;207;9
1768;7;779;5
130;1;609;3;885;8;48;4;1880;6;31;1;1476;4;1068;8;1477;9
1941;6;1781;4;748;6;435;10;1691;3
2;2;1140;6;773;6;1516;5;14;10;283;3;1118;5;347;9;1253;4
1249;8;752;5;1420;3;1223;6
955;8;1222;6;381;8;1067;4;740;7;1176;6;1909;1
1253;2;892;4;327;3
471;7;678;6;219;10;443;2;748;5;1867;9;480;7;1138;3
1463;7;1601;4;710;6;93;10;875;9
807;2;348;8;1855;4;688;6;1732;9;673;9;1329;6
4;10;1118;1;173;4;1694;10;835;4
48;9;407;7
261;7;1741;9;641;4;926;9;1801;7;1090;4;1784;7;1169;3
1571;2;642;2;616;1;1334;4;1152;8;1506;1;538;10;1428;5
896;1;1544;7;46;5;1927;7;1730;6;580;1;1050;10;1622;3;1270;2;438;4
1404;3;203;3;1758;9;1711;9;1441;9;193;9;7;10;1528;1;814;6
823;7;309;2;73;4;296;5;1484;8;425;5
861;8;740;9;89;10
930;8;267;7;882;4;1793;3
346;9;316;8
122;7;1014;8;1634;1;1388;2
1348;2;1656;5;1191;1;715;4;1757;3;840;3;1045;5;1808;3;1593;9;1428;5
1862;3;177;8;1986;2;1645;9;29;6;205;10
1058;2;1730;3;307;8;1466;2;75;7;1618;1;572;10
1920;1;132;3
1061;8;1984;4;1738;8;835;9;961;7;793;1;1266;7;20;9;1694;4
68;1;252;4;476;3;957;10;571;2;1762;2
849;5;636;3;761;9;1930;2;1481;8;1962;3;1088;5;164;8;742;10
1639;2;1547;7;483;2;1998;4;1435;6
1311;4;493;4;383;5;494;3;614;8;71;8;202;3;752;7
500;4;1847;7;62;2;975;4
40;4;966;6
1945;2;1365;1;1647;8;676;3;1004;1;562;4
1201;10;1510;10;458;2;1039;9;174;4;735;7;68;8;793;6;831;6;232;4
1286;4;403;9;1395;10;182;1;117;10
1649;5;934;1;56;9;510;2;958;3;759;9;188;7;541;5;1034;4;1936;10
1044;7;782;6;208;10;1490;10;164;4;190;1;1316;7;981;6;304;3
769;1;914;8;1342;3;744;5;654;7;482;5;291;6;14;7;1543;5;1135;4
219;7;1980;3;1964;6;1413;2;303;6;128;9;293;3;192;2;1574;3;823;9
1381;1;1929;3
1865;10;298;8;413;1;164;6;848;4;913;9;232;9;371;8;1339;3
533;4;1273;6;1969;8;849;10;916;2;1417;2;1936;7;1027;4
993;10;1731;8;1190;5;1042;4;72;7
696;9;463;5;422;5;1729;7;1536;6;1373;1;548;9;238;1;1591;9;1203;8
1192;8;728;10;747;3;576;5;1448;6
185;5;1171;10;398;2;998;7;385;10
1617;10;1467;7;459;5;1181;1;1367;9;471;8
1590;4;933;10
252;2;547;9;116;3;481;3;805;4;529;8;281;7
422;5;1059;6;281;6;219;9;89;6;1232;6;1847;1;854;6
1396;6;831;4
1207;6;814;3;1666;9;549;3
903;3;1551;4;267;5;387;2;680;3;1241;8;38;7;1565;6
1875;5;1858;9;1636;7;522;3;984;6;472;9;77;2
787;6;932;10;779;5;810;9;613;8;996;8;812;6;1821;10;1448;4;949;9
1756;10;1707;3;1245;1;174;7;1637;8;457;10;1205;4;1555;3;932;1
1623;10;593;8;1465;8;1327;2;1065;6;211;9;1350;10;723;4;1302;10
160;8;1646;6;961;9;510;6;580;6
1313;3;655;10;970;6;915;5;8;5;1617;5;255;2;709;7
5;10;1168;6;1196;1;798;10;989;1;1950;5;477;10;624;1;754;9;1667;1
1784;3;597;7;1976;6;89;1;508;7;1146;9;529;6;577;4
1758;6;3;2;398;8;794;5;649;2;1690;7
1960;10;1964;1;575;5;465;10;60;1;1506;4
1348;4;1778;10;550;1;1126;6
627;8;837;9;476;10
1012;8;281;10;96;5;15;6;1285;4;217;5;1719;1;1242;10
880;3;1231;6;377;6;917;3;944;4
1695;5;142;8
153;4;663;1;139;1;1433;8
1521;6;1102;6;445;10;1294;6;1088;5;918;3
1048;7;1991;4;1012;3;318;2;1672;3;1926;9;1308;6
1562;9;576;7;292;9;1226;4;1511;1;114;4;614;2
1845;2;407;1;1369;4;123;6;1778;7;561;9;1355;3;836;10
782;8;1951;4;421;2;1980;7;1609;5;431;10;1901;8;812;7
1518;10;1450;1;1435;10;723;6;1942;6;1430;3;1967;2
78;6;1550;8;1093;7
1392;4;1475;10;1093;10;1637;4;236;8;1262;4
739;10;1455;10;1926;6;1137;2
314;5;1893;6;963;2;74;6;135;4;1805;7;385;4;1680;5;423;6;1474;5
1482;9;1347;6;179;1;890;8;617;10;1712;7;963;7;1190;4;1089;4
1157;10;1053;2;1562;4
641;7;1611;4
402;9;935;7
1543;8;712;2;252;7;1956;6;1358;9;1934;5;1535;1
1241;3;751;9;237;7;1418;7;1379;6;901;9;1148;8
1314;1;284;2
1602;3;922;3
696;10;1179;3;1648;8;1649;5;717;7;1314;3
554;2;465;4;859;2;1020;2
1044;9;1666;4;1178;5;1198;1;855;10;666;6
573;2;867;6
582;6;408;5;7;2;637;10;74;2
1723;1;927;1;1594;1;1878;8;29;3;1925;8;1940;8;1293;10
553;8;1698;6;1810;3;1789;5;1844;1
926;7;1488;8;748;2;569;7
1815;5;1077;9
1187;4;1401;3;185;8;226;8;1009;7
676;5;1257;9;549;5;981;8;1210;6;1409;10;602;5;500;9;994;10;573;2
1569;2;196;1;36;1;1462;1;863;4;797;6;528;7
886;2;686;2;774;5;349;8;1893;2;147;9
1391;6;1229;6;75;9;1467;4
1175;7;1676;6;1104;1;54;4
1744;9;1266;3;995;5;1105;5;278;7;582;2
1276;9;802;9;463;8;1317;9;1940;5;436;6;196;8
855;10;1042;3;1103;2;1930;1;211;10
1187;6;539;1;569;5;848;4
147;9;1025;7;407;3;623;2;1191;10;253;9;1702;1;1752;6;549;8;1617;4
21;9;1815;8;1189;10;115;7;351;1;1704;3;1928;9;1877;10
1945;8;1240;1;1769;7
1182;8;1799;7;1154;10
1610;3;32;6;1946;2;1117;4;783;9;1435;3
717;1;557;8;1839;1;996;8;905;4;792;10
354;5;1745;7;1042;1
830;8;1462;7
891;10;130;10;999;10;664;7;1491;9;1166;7;42;6;717;3;1403;5
342;5;1644;1;570;7;25;2
1819;2;756;10;975;4;258;8;1267;6;511;5
765;9;897;8;1824;4;171;7;805;3;364;10;169;7;1745;6;816;2
141;7;1697;5;1850;1;1471;1;1042;9;108;2;967;5;93;9;466;8
97;2;1638;9;482;8;33;1;1135;8
1033;3;376;3;1153;9;77;9
1064;8;583;5;1221;5
1516;7;287;6;1060;5;1836;8
1262;10;594;6;522;6
534;8;1450;8;1965;4;527;9;490;5;573;4
96;9;1558;6;920;10;1462;3;1542;7;1361;5;314;8
1518;9;216;6;1462;3;606;6
836;5;1011;9;4;3;266;10;645;1;1886;6;530;7;571;2;1247;10;1922;10
1317;2;1167;3;427;9
508;1;679;7;379;2;1517;10;871;2;1174;1
1445;7;803;1;192;6;1072;3;641;9
746;2;203;1
236;9;692;2;1722;8;447;1
331;6;1157;5;169;6;1283;3;298;7;1082;9
1922;7;660;3;1103;10;1783;10;1300;1
734;6;583;6;1706;7
285;3;1088;1;240;1;1726;3
1263;9;1598;10;684;1;984;1;1993;5;70;9;686;8;972;9
529;8;371;8;297;3;1221;3;1036;8;353;1
515;9;1177;3;650;10;1569;5;1308;10;352;3;814;7;775;2
199;10;1626;6;198;3;652;4;627;1;1308;8;702;3
769;10;1680;3;102;1;1541;9;43;7;611;5;754;7
514;8;164;4;818;7
1672;7;1265;6;209;3;1737;6;462;6;1973;3;1629;6;336;7;1625;3;1359;4
1351;9;24;4;1082;4
669;4;1855;7;1824;8;260;4
1465;9;115;10;1913;4;559;2;15;9;1280;3
1482;3;1314;4;1365;9;1347;1;1127;2;834;7
597;1;1169;7;981;1;1740;6;1873;10;106;7
1869;5;804;10;457;4;616;10;500;6;1041;4;1042;7;1088;9;1310;9
1487;7;1415;8
1715;9;158;1;1584;3;1975;10;672;6;1507;9;882;5;519;5;1963;7
1641;1;1477;4;1469;4;1832;2;362;1;1021;8;577;10;1939;9
1276;8;1475;9;736;8;564;10;1228;10;119;2;461;9;1059;4;1973;6;518;6
1875;10;683;2;1440;3;1800;1;1732;6;158;6;420;9;1918;6
1729;4;1016;8;1113;1;223;6;1770;1;1463;2;179;6;860;4;1724;4;731;6
1220;7;840;10
231;4;1369;10;1987;5;660;8;73;5;1000;10;1210;9;682;6
92;6;682;1;1618;7;1402;3;1337;7;1546;1;1723;2;1892;4;879;5;1221;6
1568;5;1986;9;151;7;171;9;1404;6;446;7;517;6
129;6;398;2;1900;1;667;5;1007;7
1087;8;1045;9;720;8;1789;3
489;4;685;2;967;3;225;4;1449;9;1193;8
625;2;1959;10;11;9;1577;4;671;5;1143;3
1695;3;458;2;1544;2;537;1;608;4;1103;10;734;2;1701;2;1042;6
358;1;182;7;1655;8;1292;2;1977;1
669;9;1665;3;304;6;1805;3;1325;2
1431;3;836;3;24;2
271;8;486;5;1902;8;1942;1;1119;6;1337;1;1424;1;112;9;1302;10
226;8;1916;10;1741;9;43;9;1533;2;1019;3
385;2;598;7;1917;2
263;8;152;4
424;7;1577;7;1807;1
625;5;1942;3;1853;5;1463;7
1908;2;737;9;619;2;1806;9;370;1;1399;6;1474;7;560;2;1458;8
496;3;1629;3;1017;3;1303;4;495;2;1825;4;1715;4;797;2
1007;6;1907;2;151;9;592;1;947;8;1414;6;95;1;1786;4
1683;10;1629;6;1320;2;95;8;1425;10;1545;7;1389;5;1572;5;1297;8
1743;6;1907;7;960;3;1781;5
826;3;1387;5;143;8;1036;1;1944;6;1716;7
1837;9;157;7;1769;5;1927;8;246;7;1583;4;1094;6;649;10;1754;6
1407;7;1454;5;1589;1
846;4;194;1;1793;6;445;3;1610;4;691;9
1830;6;1680;4;883;7;617;6;1007;1;471;3;1700;1;1358;6
993;6;832;3;1820;4;1883;3;843;2;1262;9;1202;9;214;7
1012;9;220;8;1321;7;1040;6;500;6;101;10
275;3;940;10;1663;10;4;5;390;9;361;6;325;5;864;3;131;5;391;1
794;1;1555;9;1361;9;1639;4;339;1;1077;6;1335;3;1418;8
494;6;1534;1
1974;3;1728;9;1434;4;1057;7;811;3;1643;5;1126;9;587;10;1574;3;425;9
1588;3;1541;5;885;8;875;10;1016;8;1471;6;250;4;394;8
973;6;104;7;1723;4;1644;3;1963;9;1411;7;1375;1
438;1;1786;3;1558;10;652;10;1393;6;1765;4;1497;8;35;1
1945;2;1309;1;1790;9;796;3;434;9;1124;6;1438;6
508;8;1475;5;1438;3;1396;10;747;9;202;10;9;5;763;4
1477;3;455;3;1765;4;945;10;1785;5;277;9
194;4;1156;4;1571;9;950;3;1650;6
449;8;661;8;1034;5;1264;1;1494;2;1309;6;222;1;169;4
734;5;1604;7;356;3
657;8;1660;3;730;8;1507;7
835;5;1742;7;1436;1;1818;10;1520;2;62;10;676;4;892;1;719;1;467;9
1171;8;1792;10;1082;10;862;9;1433;10;1027;5;276;1;956;2;1555;8;1045;9
1199;1;408;9
1492;3;821;8;866;7;627;4;1004;8;555;8;1641;2;335;1;894;2;503;6
1159;2;1163;1;1173;10
1343;8;1610;4;270;10
1534;1;783;5;23;2;1376;10;1914;2;1048;4;1136;1;222;8
239;7;1466;10;1080;5;1650;4;884;5;1545;7;244;10;790;2;1358;2;1267;3
1797;8;1815;3;690;7;1994;8;1009;8;1730;8;1354;4;1273;10;1347;10
956;8;61;7;692;3;1255;6;1929;3;1963;5;528;10
1091;8;70;6;651;8
1376;9;570;6;1124;1;1003;9;1604;7
115;2;1140;2;1006;9;1742;7;1785;3;1105;10;1807;8
342;10;1560;1;409;1;677;5;515;2;1306;5;1764;1
1484;6;148;8;341;6;657;6;985;10;1892;4;1052;6;494;4;1669;4;191;6
506;10;1701;9;155;6;1198;10
1618;10;1343;9;1334;5;398;4
199;6;913;6;1892;8
1059;3;1069;3
1916;4;1880;4;442;9
534;9;1791;9;1493;10;527;5;1145;9;336;2;192;4;390;2;1716;10
160;9;12;10;1680;10
479;10;622;10;654;9;1175;1;1894;10;1461;4;1049;2
1085;2;610;6;1126;8;552;6;453;3;764;5;617;8;644;4;1199;7
355;8;1941;7;1819;3;1724;7;293;2;265;7;1363;1;1430;1;1193;2;239;8
1955;1;1920;1;598;9;1544;8;139;8;285;9
141;5;1353;6;1671;2
885;1;1098;9;968;3;946;2;1229;3;1656;8;1137;7
715;6;1806;10;880;1
2;2;1025;8;346;9;1141;10;1412;5;1677;4;1569;1
1475;5;1862;9
764;1;231;2;2;5;908;8;1981;4
402;9;715;4;62;7;1733;2;1654;10
92;1;1810;8;1261;7
214;5;418;1;1701;6;1358;1;622;5;1025;6;1911;5
72;8;95;2;1117;5;1360;4;1830;9;1063;3;887;6;530;8;1248;9;1429;4
1714;3;906;8;1805;1;622;7;879;9;900;8
1766;4;1029;10;1193;5;820;7
1621;3;30;4;964;1;758;8;199;7;354;4;1254;4;1740;3;1290;8
1408;3;1160;1;1944;2
540;5;212;10;1009;2;1704;10;852;1;1190;4;520;10;1303;9;261;3
1086;4;923;9;1892;9;1058;4;611;6;911;1;118;2;863;6;874;8
1741;9;669;6;1775;10;1032;2
1821;4;768;10;258;8;1377;9;1319;10
1618;3;780;4;1930;1;860;3;327;10;1481;4;733;1;1231;9;1490;3;1226;9
1177;7;664;5;766;7
1172;1;404;9
1146;8;590;9;472;6;445;7;883;2
702;1;353;5;169;3;1277;2;935;1;1003;1
1974;7;628;7;186;7;780;10
529;3;1039;5;265;3;937;5;639;4;1702;5
724;5;367;2;572;9;657;9;935;10;532;4;1717;7
